Sr No,Symbol,Company Name,"Market capitalization as on December 30, 2022
(Rs in Lakhs)"
1,RELIANCE,Reliance Industries Limited,172329584
2,TCS,Tata Consultancy Services Limited,119164326
3,HDFCBANK,HDFC Bank Limited,90797943
4,INFY,Infosys Limited,63466275
5,ICICIBANK,ICICI Bank Limited,62149393
6,HINDUNILVR,Hindustan Unilever Limited,60174207
7,SBIN,State Bank of India,54770342
8,HDFC,Housing Development Finance Corporation Limited,48044948
9,BHARTIARTL,Bharti Airtel Limited,44854794
10,ADANIENT,Adani Enterprises Limited,43985233
11,LICI,Life Insurance Corporation Of India,43300934
12,ITC,ITC Limited,41153010
13,ATGL,Adani Total Gas Limited,40614337
14,BAJFINANCE,Bajaj Finance Limited,39808183
15,KOTAKBANK,Kotak Mahindra Bank Limited,36285747
16,ADANIGREEN,Adani Green Energy Limited,30600339
17,ASIANPAINT,Asian Paints Limited,29619069
18,LT,Larsen & Toubro Limited,29313085
19,ADANITRANS,Adani Transmission Limited,28882894
20,AXISBANK,Axis Bank Limited,28711055
21,HCLTECH,HCL Technologies Limited,28203121
22,DMART,Avenue Supermarts Limited,26356333
23,MARUTI,Maruti Suzuki India Limited,25358413
24,BAJAJFINSV,Bajaj Finserv Limited,24654394
25,SUNPHARMA,Sun Pharmaceutical Industries Limited,24026940
26,TITAN,Titan Company Limited,23060246
27,WIPRO,Wipro Limited,21549260
28,ULTRACEMCO,UltraTech Cement Limited,20089210
29,JSWSTEEL,JSW Steel Limited,18565462
30,ONGC,Oil & Natural Gas Corporation Limited,18461560
31,ADANIPORTS,Adani Ports and Special Economic Zone Limited,17672097
32,NTPC,NTPC Limited,16140101
33,M&M,Mahindra & Mahindra Limited,15529961
34,POWERGRID,Power Grid Corporation of India Limited,14906543
35,COALINDIA,Coal India Limited,13869220
36,TATASTEEL,Tata Steel Limited,13767193
37,HINDZINC,Hindustan Zinc Limited,13592851
38,PIDILITIND,Pidilite Industries Limited,12962656
39,LTIM,LTIMindtree Limited,12912785
40,TATAMOTORS,Tata Motors Limited,12884945
41,SBILIFE,SBI Life Insurance Company Limited,12322678
42,HDFCLIFE,HDFC Life Insurance Company Limited,12169703
43,ADANIPOWER,Adani Power Limited,11553461
44,VEDL,Vedanta Limited,11463842
45,GRASIM,Grasim Industries Limited,11347553
46,IOC,Indian Oil Corporation Limited,10802747
47,HINDALCO,Hindalco Industries Limited,10637096
48,AMBUJACEM,Ambuja Cements Limited,10406767
49,BRITANNIA,Britannia Industries Limited,10375281
50,BAJAJ-AUTO,Bajaj Auto Limited,10231880
51,SIEMENS,Siemens Limited,10065383
52,DABUR,Dabur India Limited,9947566
53,TECHM,Tech Mahindra Limited,9895947
54,BANKBARODA,Bank of Baroda,9603220
55,INDUSINDBK,IndusInd Bank Limited,9460839
56,DLF,DLF Limited,9282431
57,DIVISLAB,Divi's Laboratories Limited,9060974
58,GODREJCP,Godrej Consumer Products Limited,8938868
59,EICHERMOT,Eicher Motors Limited,8827187
60,CIPLA,Cipla Limited,8683707
61,VBL,Varun Beverages Limited,8590618
62,HAL,Hindustan Aeronautics Limited,8464184
63,SHREECEM,SHREE CEMENT LIMITED,8403008
64,AWL,Adani Wilmar Limited,8027465
65,INDIGO,InterGlobe Aviation Limited,7739177
66,SBICARD,SBI Cards and Payment Services Limited,7521429
67,BEL,Bharat Electronics Limited,7302469
68,BPCL,Bharat Petroleum Corporation Limited,7169380
69,TATACONSUM,TATA CONSUMER PRODUCTS LIMITED,7125055
70,DRREDDY,Dr. Reddy's Laboratories Limited,7056522
71,HAVELLS,Havells India Limited,6891294
72,SRF,SRF Limited,6789166
73,TATAPOWER,Tata Power Company Limited,6636720
74,MARICO,Marico Limited,6592422
75,ICICIPRULI,ICICI Prudential Life Insurance Company Limited,6492230
76,APOLLOHOSP,Apollo Hospitals Enterprise Limited,6438102
77,BAJAJHLDNG,Bajaj Holdings & Investment Limited,6390028
78,MCDOWELL-N,United Spirits Limited,6376618
79,GAIL,GAIL (India) Limited,6315383
80,PNB,Punjab National Bank,6215718
81,ICICIGI,ICICI Lombard General Insurance Company Limited,6073893
82,IOB,Indian Overseas Bank,6067674
83,CANBK,Canara Bank,6046496
84,CHOLAFIN,Cholamandalam Investment and Finance Company Limited,5939970
85,YESBANK,Yes Bank Limited,5923061
86,JINDALSTEL,Jindal Steel & Power Limited,5922631
87,IDBI,IDBI Bank Limited,5843931
88,ABB,ABB India Limited,5685502
89,BERGEPAINT,Berger Paints (I) Limited,5646939
90,UNIONBANK,Union Bank of India,5495137
91,HEROMOTOCO,Hero MotoCorp Limited,5473056
92,UPL,UPL Limited,5375477
93,TIINDIA,Tube Investments of India Limited,5358323
94,LODHA,Macrotech Developers Limited,5255097
95,TORNTPHARM,Torrent Pharmaceuticals Limited,5247935
96,PIIND,PI Industries Limited,5188608
97,TVSMOTOR,TVS Motor Company Limited,5156596
98,INDUSTOWER,Indus Towers Limited,5132507
99,IRCTC,Indian Railway Catering And Tourism Corporation Limited,5117600
100,BOSCHLTD,Bosch Limited,5091841
101,NAUKRI,Info Edge (India) Limited,5079584
102,ZOMATO,Zomato Limited,5071185
103,MOTHERSON,Samvardhana Motherson International Limited,5024716
104,TRENT,Trent Limited,4803880
105,PAGEIND,Page Industries Limited,4777952
106,JSWENERGY,JSW Energy Limited,4730087
107,PGHH,Procter & Gamble Hygiene and Health Care Limited,4718476
108,HDFCAMC,HDFC Asset Management Company Limited,4653553
109,ACC,ACC Limited,4585014
110,INDHOTEL,The Indian Hotels Company Limited,4526103
111,CONCOR,Container Corporation of India Limited,4501467
112,UBL,United Breweries Limited,4494359
113,NYKAA,FSN E-Commerce Ventures Limited,4410555
114,AUBANK,AU Small Finance Bank Limited,4361479
115,PATANJALI,Patanjali Foods Limited,4320047
116,SCHAEFFLER,Schaeffler India Limited,4293115
117,MUTHOOTFIN,Muthoot Finance Limited,4267468
118,MAXHEALTH,Max Healthcare Institute Limited,4266815
119,IRFC,Indian Railway Finance Corporation Limited,4253799
120,ZYDUSLIFE,Zydus Lifesciences Limited,4250751
121,ASHOKLEY,Ashok Leyland Limited,4210407
122,COLPAL,Colgate Palmolive (India) Limited,4178515
123,CGPOWER,CG Power and Industrial Solutions Limited,4127688
124,BALKRISIND,Balkrishna Industries Limited,4120073
125,BHARATFORG,Bharat Forge Limited,4096482
126,NHPC,NHPC Limited,3992901
127,SOLARINDS,Solar Industries India Limited,3967582
128,ASTRAL,Astral Limited,3956447
129,TATAELXSI,Tata Elxsi Limited,3914635
130,LTTS,L&T Technology Services Limited,3889663
131,POLYCAB,Polycab India Limited,3846115
132,CUMMINSIND,Cummins India Limited,3826469
133,BANDHANBNK,Bandhan Bank Limited,3772554
134,UCOBANK,UCO Bank,3766127
135,MRF,MRF Limited,3754915
136,PFC,Power Finance Corporation Limited,3726475
137,SHRIRAMFIN,Shriram Finance Limited,3724786
138,MPHASIS,MphasiS Limited,3715241
139,HONAUT,Honeywell Automation India Limited,3687088
140,IDFCFIRSTB,IDFC First Bank Limited,3665510
141,TATACOMM,Tata Communications Limited,3632183
142,ABCAPITAL,Aditya Birla Capital Limited,3630131
143,BANKINDIA,Bank of India,3621397
144,NMDC,NMDC Limited,3606110
145,ALKEM,Alkem Laboratories Limited,3592570
146,INDIANB,Indian Bank,3553866
147,DALBHARAT,Dalmia Bharat Limited,3492374
148,PAYTM,One 97 Communications Limited,3447966
149,FLUOROCHEM,Gujarat Fluorochemicals Limited,3417214
150,SAIL,Steel Authority of India Limited,3413879
151,GODREJPROP,Godrej Properties Limited,3404923
152,JUBLFOOD,Jubilant Foodworks Limited,3372139
153,GUJGASLTD,Gujarat Gas Limited,3346609
154,LUPIN,Lupin Limited,3336579
155,HINDPETRO,Hindustan Petroleum Corporation Limited,3335716
156,STARHEALTH,Star Health and Allied Insurance Company Limited,3292697
157,MANYAVAR,Vedant Fashions Limited,3248302
158,PETRONET,Petronet LNG Limited,3231750
159,OBEROIRLTY,Oberoi Realty Limited,3155886
160,BIOCON,Biocon Limited,3143771
161,GICRE,General Insurance Corporation of India,3135990
162,SUPREMEIND,Supreme Industries Limited,3112222
163,RECLTD,REC Limited,3067706
164,APLAPOLLO,APL Apollo Tubes Limited,3028452
165,UNOMINDA,UNO Minda Limited,2985641
166,PERSISTENT,Persistent Systems Limited,2958335
167,FEDERALBNK,The Federal Bank  Limited,2941157
168,LINDEINDIA,Linde India Limited,2929300
169,M&MFIN,Mahindra & Mahindra Financial Services Limited,2898553
170,IGL,Indraprastha Gas Limited,2897653
171,ESCORTS,Escorts Kubota Limited,2823727
172,CENTRALBK,Central Bank of India,2790922
173,BHEL,Bharat Heavy Electricals Limited,2757794
174,ABFRL,Aditya Birla Fashion and Retail Limited,2727488
175,DEEPAKNTR,Deepak Nitrite Limited,2707811
176,VOLTAS,Voltas Limited,2646582
177,OFSS,Oracle Financial Services Software Limited,2611666
178,COROMANDEL,Coromandel International Limited,2608307
179,GLAND,Gland Pharma Limited,2596424
180,MSUMI,Motherson Sumi Wiring India Limited,2577506
181,AUROPHARMA,Aurobindo Pharma Limited,2568169
182,SUNDARMFIN,Sundaram Finance Limited,2561055
183,PHOENIXLTD,The Phoenix Mills Limited,2540360
184,IDEA,Vodafone Idea Limited,2537389
185,3MINDIA,3M India Limited,2471906
186,SONACOMS,Sona BLW Precision Forgings Limited,2453883
187,ATUL,Atul Limited,2437246
188,SUMICHEM,Sumitomo Chemical India Limited,2436829
189,AIAENG,AIA Engineering Limited,2419270
190,FACT,Fertilizers and Chemicals Travancore Limited,2415843
191,DELHIVERY,Delhivery Limited,2413421
192,METROBRAND,Metro Brands Limited,2400500
193,GMRINFRA,GMR Airports Infrastructure Limited,2399288
194,TATACHEM,Tata Chemicals Limited,2387448
195,COFORGE,Coforge Limited,2371751
196,KANSAINER,Kansai Nerolac Paints Limited,2367205
197,TORNTPOWER,Torrent Power Limited,2366317
198,POONAWALLA,Poonawalla Fincorp Limited,2358862
199,SYNGENE,Syngene International Limited,2350600
200,THERMAX,Thermax Limited,2345234
201,MFSL,Max Financial Services Limited,2338153
202,TIMKEN,Timken India Limited,2334677
203,DIXON,Dixon Technologies (India) Limited,2325586
204,ZEEL,Zee Entertainment Enterprises Limited,2305727
205,PSB,Punjab & Sind Bank,2287503
206,LICHSGFIN,LIC Housing Finance Limited,2278086
207,RELAXO,Relaxo Footwears Limited,2265351
208,OIL,Oil India Limited,2257732
209,JKCEMENT,JK Cement Limited,2256697
210,CRISIL,CRISIL Limited,2241093
211,GLAXO,GlaxoSmithKline Pharmaceuticals Limited,2234042
212,SKFINDIA,SKF India Limited,2224263
213,AARTIIND,Aarti Industries Limited,2211637
214,DEVYANI,Devyani International Limited,2177561
215,L&TFH,L&T Finance Holdings Limited,2162104
216,RAJESHEXPO,Rajesh Exports Limited,2160417
217,FORTIS,Fortis Healthcare Limited,2159935
218,CROMPTON,Crompton Greaves Consumer Electricals Limited,2139437
219,IPCALAB,IPCA Laboratories Limited,2138980
220,BATAINDIA,Bata India Limited,2119612
221,NIACL,The New India Assurance Company Limited,2072360
222,APOLLOTYRE,Apollo Tyres Limited,2059632
223,MAHABANK,Bank of Maharashtra,2059532
224,VINATIORGA,Vinati Organics Limited,2050399
225,SUNDRMFAST,Sundram Fasteners Limited,2041817
226,PFIZER,Pfizer Limited,2027402
227,HATSUN,Hatsun Agro Product Limited,2026457
228,POLICYBZR,PB Fintech Limited,2017872
229,LAURUSLABS,Laurus Labs Limited,2016441
230,NAVINFLUOR,Navin Fluorine International Limited,2015856
231,PEL,Piramal Enterprises Limited,1977090
232,GRINDWELL,Grindwell Norton Limited,1974857
233,ENDURANCE,Endurance Technologies Limited,1940022
234,KPITTECH,KPIT Technologies Limited,1930658
235,SUNTV,Sun TV Network Limited,1917813
236,WHIRLPOOL,Whirlpool of India Limited,1899398
237,LALPATHLAB,Dr. Lal Path Labs Ltd.,1884128
238,EMAMILTD,Emami Limited,1875108
239,PRESTIGE,Prestige Estates Projects Limited,1858194
240,KAJARIACER,Kajaria Ceramics Limited,1847416
241,BLUEDART,Blue Dart Express Limited,1828486
242,IIFL,IIFL Finance Limited,1828302
243,TTML,Tata Teleservices (Maharashtra) Limited,1813195
244,FIVESTAR,Five-Star Business Finance Limited,1791028
245,KPRMILL,K.P.R. Mill Limited,1766324
246,FINEORG,Fine Organic Industries Limited,1760159
247,IRB,IRB Infrastructure Developers Limited,1756443
248,TRIDENT,Trident Limited,1745365
249,BDL,Bharat Dynamics Limited,1730358
250,ZFCVINDIA,ZF Commercial Vehicle Control Systems India Limited,1699619
251,CARBORUNIV,Carborundum Universal Limited,1661846
252,RAMCOCEM,The Ramco Cements Limited,1654637
253,GILLETTE,Gillette India Limited,1640079
254,ISEC,ICICI Securities Limited,1605588
255,MAZDOCK,Mazagon Dock Shipbuilders Limited,1599704
256,CLEAN,Clean Science and Technology Limited,1582992
257,IIFLWAM,Iifl Wealth Management Limited,1579626
258,NH,Narayana Hrudayalaya Ltd.,1554062
259,AJANTPHARM,Ajanta Pharma Limited,1552813
260,NAM-INDIA,Nippon Life India Asset Management Limited,1552447
261,EXIDEIND,Exide Industries Limited,1532125
262,APTUS,Aptus Value Housing Finance India Limited,1512902
263,JBCHEPHARM,JB Chemicals & Pharmaceuticals Limited,1504152
264,GSPL,Gujarat State Petronet Limited,1487825
265,NATIONALUM,National Aluminium Company Limited,1476652
266,AAVAS,Aavas Financiers Limited,1458948
267,GODREJIND,Godrej Industries Limited,1447208
268,AFFLE,Affle (India) Limited,1442776
269,CREDITACC,CREDITACCESS GRAMEEN LIMITED,1429431
270,RVNL,Rail Vikas Nigam Limited,1423026
271,POWERINDIA,Hitachi Energy India Limited,1418663
272,REDINGTON,Redington Limited,1412907
273,DCMSHRIRAM,DCM Shriram Limited,1401765
274,BAJAJELEC,Bajaj Electricals Limited,1396433
275,KIOCL,KIOCL Limited,1386888
276,RATNAMANI,Ratnamani Metals & Tubes Limited,1371035
277,PPLPHARMA,Piramal Pharma Limited,1368140
278,ALKYLAMINE,Alkyl Amines Chemicals Limited,1360177
279,RADICO,Radico Khaitan Limited,1353313
280,RHIM,RHI MAGNESITA INDIA LIMITED,1351725
281,SANOFI,Sanofi India Limited,1347994
282,SJVN,SJVN Limited,1345955
283,CUB,City Union Bank Limited,1335165
284,ELGIEQUIP,Elgi Equipments Limited,1329433
285,INDIAMART,Indiamart Intermesh Limited,1322397
286,CGCL,Capri Global Capital Limited,1322295
287,KEI,KEI Industries Limited,1321049
288,ABSLAMC,Aditya Birla Sun Life AMC Limited,1310400
289,MAHINDCIE,Mahindra CIE Automotive Limited,1305231
290,NUVOCO,Nuvoco Vistas Corporation Limited,1303799
291,KALYANKJIL,Kalyan Jewellers India Limited,1303532
292,IDFC,IDFC Limited,1300166
293,LAXMIMACH,Lakshmi Machine Works Limited,1296120
294,HAPPSTMNDS,Happiest Minds Technologies Limited,1294162
295,CHAMBLFERT,Chambal Fertilizers & Chemicals Limited,1291077
296,ASAHIINDIA,Asahi India Glass Limited,1271360
297,KEC,KEC International Limited,1271173
298,SFL,Sheela Foam Limited,1266938
299,SUVENPHAR,Suven Pharmaceuticals Limited,1259842
300,CAMPUS,Campus Activewear Limited,1259282
301,IEX,Indian Energy Exchange Limited,1258137
302,MEDANTA,Global Health Limited,1257251
303,JSL,Jindal Stainless Limited,1256722
304,KIMS,Krishna Institute of Medical Sciences Limited,1238270
305,RENUKA,Shree Renuka Sugars Limited,1237717
306,BASF,BASF India Limited,1220525
307,AEGISCHEM,Aegis Logistics Limited,1220252
308,CASTROLIND,Castrol India Limited,1218104
309,GLENMARK,Glenmark Pharmaceuticals Limited,1196816
310,NLCINDIA,NLC India Limited,1193894
311,CDSL,Central Depository Services (India) Limited,1165489
312,FINPIPE,Finolex Industries Limited,1162153
313,BLUESTARCO,Blue Star Limited,1155333
314,ASTERDM,Aster DM Healthcare Limited,1154375
315,CENTURYPLY,Century Plyboards (India) Limited,1143080
316,VGUARD,V-Guard Industries Limited,1128653
317,APLLTD,Alembic Pharmaceuticals Limited,1126110
318,TTKPRESTIG,TTK Prestige Limited,1111754
319,EIHOTEL,EIH Limited,1108771
320,GRINFRA,G R Infraprojects Limited,1102158
321,ANGELONE,Angel One Limited,1093238
322,UTIAMC,UTI Asset Management Company Limited,1093049
323,CAMS,Computer Age Management Services Limited,1088466
324,BIKAJI,Bikaji Foods International Limited,1088362
325,RBLBANK,RBL Bank Limited,1075555
326,BRIGADE,Brigade Enterprises Limited,1072697
327,TATAINVEST,Tata Investment Corporation Limited,1067763
328,SUZLON,Suzlon Energy Limited,1067747
329,HINDCOPPER,Hindustan Copper Limited,1059858
330,PVR,PVR Limited,1052424
331,AETHER,Aether Industries Limited,1044832
332,HUDCO,Housing & Urban Development Corporation Limited,1042990
333,JSLHISAR,Jindal Stainless (Hisar) Limited,1034574
334,CHOLAHLDNG,Cholamandalam Financial Holdings Limited,1033716
335,GODFRYPHLP,Godfrey Phillips India Limited,1028804
336,NATCOPHARM,Natco Pharma Limited,1025332
337,HFCL,HFCL Limited,1015408
338,MOTILALOFS,Motilal Oswal Financial Services Limited,1014941
339,CESC,CESC Limited,1012736
340,SUNCLAYLTD,Sundaram Clayton Limited,1012373
341,AKZOINDIA,Akzo Nobel India Limited,1010790
342,EIDPARRY,EID Parry India Limited,1009129
343,ALLCARGO,Allcargo Logistics Limited,991259
344,ITI,ITI Limited,983762
345,MRPL,Mangalore Refinery and Petrochemicals Limited,983208
346,MANAPPURAM,Manappuram Finance Limited,983087
347,RAYMOND,Raymond Limited,979100
348,AMARAJABAT,Amara Raja Batteries Limited,976620
349,TANLA,Tanla Platforms Limited,969878
350,JKLAKSHMI,JK Lakshmi Cement Limited,960600
351,ZYDUSWELL,Zydus Wellness Limited,958809
352,GESHIP,The Great Eastern Shipping Company Limited,957825
353,VTL,Vardhman Textiles Limited,954489
354,VIPIND,VIP Industries Limited,946170
355,KRBL,KRBL Limited,920728
356,EASEMYTRIP,Easy Trip Planners Limited,916095
357,KARURVYSYA,Karur Vysya Bank Limited,906902
358,DEEPAKFERT,Deepak Fertilizers and Petrochemicals Corporation Limited,903169
359,GODREJAGRO,Godrej Agrovet Limited,902579
360,PNBHOUSING,PNB Housing Finance Limited,900531
361,CYIENT,Cyient Limited,896362
362,TEJASNET,Tejas Networks Limited,883224
363,ERIS,Eris Lifesciences Limited,880200
364,BALAMINES,Balaji Amines Limited,877678
365,GALAXYSURF,Galaxy Surfactants Limited,871602
366,GNFC,Gujarat Narmada Valley Fertilizers and Chemicals Limited,865683
367,POLYMED,Poly Medicure Limited,861201
368,JINDWORLD,Jindal Worldwide Limited,857425
369,SAPPHIRE,Sapphire Foods India Limited,849754
370,JUBLINGREA,Jubilant Ingrevia Limited,841880
371,TRITURBINE,Triveni Turbine Limited,841403
372,FINCABLES,Finolex Cables Limited,836578
373,KALPATPOWR,Kalpataru Power Transmission Limited,832254
374,MGL,Mahanagar Gas Limited,828005
375,ASTRAZEN,AstraZeneca Pharma India Limited,824288
376,BSOFT,BIRLASOFT LIMITED,816426
377,RITES,RITES Limited,815224
378,BALRAMCHIN,Balrampur Chini Mills Limited,809529
379,SWANENERGY,Swan Energy Limited,807454
380,CENTURYTEX,Century Textiles & Industries Limited,800355
381,SHYAMMETL,Shyam Metalics and Energy Limited,799933
382,SONATSOFTW,Sonata Software Limited,790377
383,LXCHEM,Laxmi Organic Industries Limited,787279
384,SHOPERSTOP,Shoppers Stop Limited,777779
385,ALOKINDS,Alok Industries Limited,772095
386,GRANULES,Granules India Limited,771632
387,WELSPUNIND,Welspun India Limited,761793
388,TMB,Tamilnad Mercantile Bank Limited,757870
389,ROUTE,ROUTE MOBILE LIMITED,757459
390,BIRLACORPN,Birla Corporation Limited,754883
391,LATENTVIEW,Latent View Analytics Limited,754033
392,JYOTHYLAB,Jyothy Labs Limited,752227
393,RAINBOW,Rainbow Childrens Medicare Limited,750300
394,SPLPETRO,Supreme Petrochem Limited,743892
395,SAREGAMA,Saregama India Limited,743088
396,RCF,Rashtriya Chemicals and Fertilizers Limited,742296
397,PNCINFRA,PNC Infratech Limited,739731
398,BSE,BSE Limited,738137
399,CRAFTSMAN,Craftsman Automation Limited,738128
400,MEDPLUS,Medplus Health Services Limited,732060
401,EQUITASBNK,Equitas Small Finance Bank Limited,731703
402,IBULHSGFIN,Indiabulls Housing Finance Limited,729560
403,GRAPHITE,Graphite India Limited,729435
404,ANURAS,Anupam Rasayan India Limited,728417
405,CHEMPLASTS,Chemplast Sanmar Limited,726751
406,KNRCON,KNR Constructions Limited,716726
407,FSL,Firstsource Solutions Limited,713022
408,CHALET,Chalet Hotels Limited,712564
409,CANFINHOME,Can Fin Homes Limited,712441
410,GMMPFAUDLR,GMM Pfaudler Limited,704502
411,CCL,CCL Products (India) Limited,704449
412,COCHINSHIP,Cochin Shipyard Limited,702755
413,STLTECH,Sterlite Technologies Limited,699977
414,NBCC,NBCC (India) Limited,698400
415,HGS,Hinduja Global Solutions Limited,698149
416,JKPAPER,JK Paper Limited,693025
417,NETWORK18,Network18 Media & Investments Limited,692033
418,TCIEXP,TCI Express Limited,689608
419,APARINDS,Apar Industries Limited,686195
420,JMFINANCIL,JM Financial Limited,682673
421,TRIVENI,Triveni Engineering & Industries Limited,681508
422,METROPOLIS,Metropolis Healthcare Limited,679764
423,BLS,BLS International Services Limited,679085
424,LEMONTREE,Lemon Tree Hotels Limited,678559
425,CERA,Cera Sanitaryware Limited,677255
426,INDIACEM,The India Cements Limited,676970
427,KSB,Ksb Limited,673114
428,CEATLTD,CEAT Limited,664393
429,BORORENEW,BOROSIL RENEWABLES LIMITED,663583
430,PRINCEPIPE,Prince Pipes And Fittings Limited,659220
431,PGHL,Procter & Gamble Health Limited,656174
432,PRAJIND,Praj Industries Limited,654294
433,ECLERX,eClerx Services Limited,649138
434,ACI,Archean Chemical Industries Limited,647566
435,GOCOLORS,Go Fashion (India) Limited,646569
436,HOMEFIRST,Home First Finance Company India Limited,642535
437,GARFIBRES,Garware Technical Fibres Limited,642421
438,ESABINDIA,Esab India Limited,637294
439,AMBER,Amber Enterprises India Limited,637250
440,TV18BRDCST,TV18 Broadcast Limited,635170
441,SCI,Shipping Corporation Of India Limited,633254
442,SYMPHONY,Symphony Limited,633041
443,BBTC,Bombay Burmah Trading Corporation Limited,632901
444,WELCORP,Welspun Corp Limited,619694
445,INDIGOPNTS,Indigo Paints Limited,619634
446,BEML,BEML Limited,611466
447,INOXLEISUR,INOX Leisure Limited,611206
448,QUESS,Quess Corp Limited,610343
449,JBMA,JBM Auto Limited,610155
450,INGERRAND,Ingersoll Rand (India) Limited,606390
451,INTELLECT,Intellect Design Arena Limited,604806
452,EDELWEISS,Edelweiss Financial Services Limited,604056
453,JUBLPHARMA,Jubilant Pharmova Limited,596906
454,BCG,Brightcom Group Limited,593269
455,GAEL,Gujarat Ambuja Exports Limited,586525
456,RTNINDIA,RattanIndia Enterprises Limited,584700
457,KFINTECH,Kfin Technologies Limited,577275
458,SPARC,Sun Pharma Advanced Research Company Limited,574291
459,RAIN,Rain Industries Limited,574142
460,SIS,SIS LIMITED,572413
461,DELTACORP,Delta Corp Limited,569210
462,DATAPATTNS,Data Patterns (India) Limited,568444
463,MMTC,MMTC Limited,567000
464,UJJIVANSFB,Ujjivan Small Finance Bank Limited,566806
465,GUJALKALI,Gujarat Alkalies and Chemicals Limited,563398
466,RUSTOMJEE,Keystone Realtors Limited,563238
467,MAHLIFE,Mahindra Lifespace Developers Limited,562538
468,VMART,V-Mart Retail Limited,562099
469,IRCON,Ircon International Limited,561958
470,RELIGARE,Religare Enterprises Limited,561566
471,ORIENTELEC,Orient Electric Limited,560727
472,MAPMYINDIA,C.E. Info Systems Limited,558309
473,GSFC,Gujarat State Fertilizers & Chemicals Limited,556872
474,GRSE,Garden Reach Shipbuilders & Engineers Limited,555234
475,RBA,Restaurant Brands Asia Limited,551789
476,SOBHA,Sobha Limited,546407
477,J&KBANK,The Jammu & Kashmir Bank Limited,545159
478,EPL,EPL Limited,543123
479,MHRIL,Mahindra Holidays & Resorts India Limited,542208
480,CAPLIPOINT,Caplin Point Laboratories Limited,540685
481,NCC,NCC Limited,526763
482,MAHSCOOTER,Maharashtra Scooters Limited,526526
483,GPIL,Godawari Power And Ispat limited,525795
484,PRSMJOHNSN,Prism Johnson Limited,525253
485,AVANTIFEED,Avanti Feeds Limited,525023
486,USHAMART,Usha Martin Limited,524765
487,MFL,Meghmani Finechem Limited,518671
488,JPPOWER,Jaiprakash Power Ventures Limited,517436
489,GLS,Glenmark Life Sciences Limited,514798
490,MASTEK,Mastek Limited,514168
491,VAIBHAVGBL,Vaibhav Global Limited,512699
492,VSTIND,VST Industries Limited,510749
493,SWSOLAR,Sterling and Wilson Renewable Energy Limited,506955
494,JUSTDIAL,Just Dial Limited,506594
495,HIKAL,Hikal Limited,505656
496,POLYPLEX,Polyplex Corporation Limited,500113
497,MTARTECH,Mtar Technologies Limited,497536
498,SYRMA,Syrma SGS Technology Limited,496481
499,LUXIND,Lux Industries Limited,493972
500,ROLEXRINGS,Rolex Rings Limited,491371
501,PCBL,PCBL LIMITED,489380
502,MINDACORP,Minda Corporation Limited,489037
503,RPOWER,Reliance Power Limited,487918
504,GHCL,GHCL Limited,487870
505,GPPL,Gujarat Pipavav Port Limited,486582
506,JSWHL,JSW Holdings Limited,483533
507,SUNTECK,Sunteck Realty Limited,483038
508,ZENSARTECH,Zensar Technologies Limited,482166
509,CMSINFO,CMS Info Systems Limited,481821
510,TCI,Transport Corporation of India Limited,479858
511,PARADEEP,Paradeep Phosphates Limited,479739
512,VRLLOG,VRL Logistics Limited,478380
513,TATVA,Tatva Chintan Pharma Chem Limited,476693
514,KTKBANK,The Karnataka Bank Limited,474206
515,RALLIS,Rallis India Limited,471295
516,KIRLOSENG,Kirloskar Oil Engines Limited,466692
517,GMDCLTD,Gujarat Mineral Development Corporation Limited,466347
518,SHARDACROP,Sharda Cropchem Limited,464590
519,STARCEMENT,Star Cement Limited,463776
520,ARVINDFASN,Arvind Fashions Limited,459308
521,SUPRAJIT,Suprajit Engineering Limited,456692
522,PDSL,PDS Limited,453555
523,VARROC,Varroc Engineering Limited,453546
524,JKTYRE,JK Tyre & Industries Limited,453434
525,RAJRATAN,Rajratan Global Wire Limited,453131
526,FDC,FDC Limited,449367
527,PRIVISCL,Privi Speciality Chemicals Limited,446623
528,VIJAYA,Vijaya Diagnostic Centre Limited,446196
529,INFIBEAM,Infibeam Avenues Limited,444331
530,ENGINERSIN,Engineers India Limited,443170
531,MASFIN,MAS Financial Services Limited,443145
532,ICRA,ICRA Limited,442596
533,IBREALEST,Indiabulls Real Estate Limited,439299
534,KAYNES,Kaynes Technology India Limited,436621
535,MAHSEAMLES,Maharashtra Seamless Limited,434493
536,TEAMLEASE,Teamlease Services Limited,431292
537,NESCO,Nesco Limited,429982
538,EQUITAS,Equitas Holdings Limited,428434
539,AARTIDRUGS,Aarti Drugs Limited,426053
540,HEIDELBERG,HeidelbergCement India Limited,424900
541,LAOPALA,La Opala RG Limited,423965
542,HSCL,Himadri Speciality Chemical Limited,422762
543,RKFORGE,Ramkrishna Forgings Limited,420350
544,NIITLTD,NIIT Limited,419939
545,JAMNAAUTO,Jamna Auto Industries Limited,417557
546,SPANDANA,Spandana Sphoorty Financial Limited,417453
547,BOROLTD,Borosil Limited,417198
548,GREENPANEL,Greenpanel Industries Limited,413684
549,BHARATRAS,Bharat Rasayan Limited,412761
550,CSBBANK,CSB Bank Limited,412549
551,PRUDENT,Prudent Corporate Advisory Services Limited,410527
552,GREENLAM,Greenlam Industries Limited,409170
553,ELECON,Elecon Engineering Company Limited,409081
554,RAILTEL,Railtel Corporation Of India Limited,406789
555,MIDHANI,Mishra Dhatu Nigam Limited,406528
556,TATACOFFEE,Tata Coffee Limited,406412
557,OLECTRA,Olectra Greentech Limited,406259
558,UFLEX,UFLEX Limited,406009
559,IONEXCHANG,ION Exchange (India) Limited,405027
560,HGINFRA,H.G. Infra Engineering Limited,403996
561,ROSSARI,Rossari Biotech Limited,401037
562,HCG,Healthcare Global Enterprises Limited,399823
563,SHAREINDIA,Share India Securities Limited,399439
564,SAFARI,Safari Industries (India) Limited,398990
565,HEG,HEG Limited,397669
566,SCHNEIDER,Schneider Electric Infrastructure Limited,394522
567,DCBBANK,DCB Bank Limited,394250
568,SANSERA,Sansera Engineering Limited,393798
569,SOUTHBANK,The South Indian Bank Limited,393435
570,NOCIL,NOCIL Limited,388257
571,PCJEWELLER,PC Jeweller Limited,388147
572,TEGA,Tega Industries Limited,384103
573,NAZARA,Nazara Technologies Limited,382555
574,NFL,National Fertilizers Limited,378972
575,BARBEQUE,Barbeque Nation Hospitality Limited,376284
576,INDOCO,Indoco Remedies Limited,374729
577,DAAWAT,LT Foods Limited,369581
578,TARSONS,Tarsons Products Limited,369491
579,JTEKTINDIA,Jtekt India Limited,369043
580,SARDAEN,Sarda Energy & Minerals Limited,367164
581,FUSION,Fusion Micro Finance Limited,366497
582,IFBIND,IFB Industries Limited,365358
583,ANANTRAJ,Anant Raj Limited,363312
584,RELINFRA,Reliance Infrastructure Limited,362137
585,ACE,Action Construction Equipment Limited,361834
586,MAHLOG,Mahindra Logistics Limited,361130
587,TECHNOE,Techno Electric & Engineering Company Limited,359889
588,NAVA,NAVA LIMITED,356367
589,JWL,Jupiter Wagons Limited,355677
590,ISGEC,Isgec Heavy Engineering Limited,352059
591,AMIORG,Ami Organics Limited,351745
592,TINPLATE,The Tinplate Company of India Limited,350584
593,BANARISUG,Bannari Amman Sugars Limited,350259
594,JINDALPOLY,Jindal Poly Films Limited,348737
595,HARSHA,Harsha Engineers International Limited,348153
596,PAISALO,Paisalo Digital Limited,346420
597,WSTCSTPAPR,West Coast Paper Mills Limited,345832
598,ASTEC,Astec LifeSciences Limited,343295
599,DISHTV,Dish TV India Limited,338791
600,GATEWAY,Gateway Distriparks Limited,338509
601,UJJIVAN,Ujjivan Financial Services Limited,338326
602,THOMASCOOK,Thomas Cook  (India)  Limited,334911
603,DHANUKA,Dhanuka Agritech Limited,332010
604,EMIL,Electronics Mart India Limited,331461
605,JINDALSAW,Jindal Saw Limited,331105
606,MOIL,MOIL Limited,327713
607,THYROCARE,Thyrocare Technologies Limited,327452
608,VESUVIUS,Vesuvius India Limited,327396
609,GREAVESCOT,Greaves Cotton Limited,324767
610,TCNSBRANDS,TCNS Clothing Co. Limited,323650
611,WOCKPHARMA,Wockhardt Limited,321326
612,HINDWAREAP,Hindware Home Innovation Limited,320996
613,DBREALTY,D B Realty Limited,320338
614,AHLUCONT,Ahluwalia Contracts (India) Limited,318827
615,DBL,Dilip Buildcon Limited,317286
616,KKCL,Kewal Kiran Clothing Limited,317277
617,STAR,Strides Pharma Science Limited,315924
618,ADVENZYMES,Advanced Enzyme Technologies Limited,313996
619,RESPONIND,Responsive Industries Limited,312822
620,MOLDTKPAC,Mold-Tek Packaging Limited,311980
621,NEOGEN,Neogen Chemicals Limited,311904
622,GRAVITA,Gravita India Limited,310394
623,RATEGAIN,Rategain Travel Technologies Limited,308923
624,DALMIASUG,Dalmia Bharat Sugar and Industries Limited,308662
625,CHENNPETRO,Chennai Petroleum Corporation Limited,307949
626,HEMIPROP,Hemisphere Properties India Limited,307658
627,HATHWAY,Hathway Cable & Datacom Limited,306228
628,TATASTLLP,Tata Steel Long Products Limited,305485
629,SAGCEM,Sagar Cements Limited,304810
630,ITDC,India Tourism Development Corporation Limited,304310
631,HCC,Hindustan Construction Company Limited,304119
632,IFCI,IFCI Limited,303038
633,KSCL,Kaveri Seed Company Limited,301377
634,INOXWIND,Inox Wind Limited,300982
635,DODLA,Dodla Dairy Limited,300855
636,RSYSTEMS,R Systems International Limited,300136
637,JCHAC,Johnson Controls - Hitachi Air Conditioning India Limited,299956
638,AUTOAXLES,Automotive Axles Limited,299036
639,MIRZAINT,Mirza International Limited,297637
640,GET&D,GE T&D India Limited,295350
641,POWERMECH,Power Mech Projects Limited,295302
642,MAITHANALL,Maithan Alloys Limited,294784
643,VAKRANGEE,Vakrangee Limited,294011
644,HBLPOWER,HBL Power Systems Limited,292995
645,ANANDRATHI,Anand Rathi Wealth Limited,292464
646,GANESHHOUC,Ganesh Housing Corporation Limited,290604
647,IPL,India Pesticides Limited,290039
648,NAVNETEDUL,Navneet Education Limited,282653
649,MOL,Meghmani Organics Limited,281907
650,NILKAMAL,Nilkamal Limited,281573
651,VOLTAMP,Voltamp Transformers Limited,280497
652,BUTTERFLY,Butterfly Gandhimathi Appliances Limited,280146
653,FCL,Fineotex Chemical Limited,279806
654,SULA,Sula Vineyards Limited,279245
655,MANINFRA,Man Infraconstruction Limited,275468
656,SUDARSCHEM,Sudarshan Chemical Industries Limited,269779
657,TASTYBITE,Tasty Bite Eatables Limited,269635
658,VENKEYS,Venky's (India) Limited,269237
659,TWL,Titagarh Wagons Limited,267361
660,GABRIEL,Gabriel India Limited,266962
661,JAICORPLTD,Jai Corp Limited,266960
662,SURYAROSNI,Surya Roshni Limited,266658
663,ICIL,Indo Count Industries Limited,266482
664,SHANTIGEAR,Shanthi Gears Limited,264900
665,OPTIEMUS,Optiemus Infracom Limited,263796
666,EVEREADY,Eveready Industries India Limited,263455
667,UNIPARTS,Uniparts India Limited,259745
668,GRMOVER,GRM Overseas Limited,259020
669,KIRLOSBROS,Kirloskar Brothers Limited,257364
670,SHRIPISTON,Shriram Pistons & Rings Limited,253529
671,TATAMETALI,Tata Metaliks Limited,252541
672,PSPPROJECT,PSP Projects Limited,252108
673,ORIENTCEM,Orient Cement Limited,252091
674,NEWGEN,Newgen Software Technologies Limited,251980
675,ASHOKA,Ashoka Buildcon Limited,251668
676,CAMLINFINE,Camlin Fine Sciences Limited,251483
677,DHANI,Dhani Services Limited,249739
678,WELENT,Welspun Enterprises Limited,249422
679,SSWL,Steel Strips Wheels Limited,249404
680,CHOICEIN,Choice International Limited,248631
681,ASTRAMICRO,Astra Microwave Products Limited,247450
682,EMUDHRA,eMudhra Limited,246982
683,BECTORFOOD,Mrs. Bectors Food Specialities Limited,246857
684,SIYSIL,Siyaram Silk Mills Limited,246607
685,JPASSOCIAT,Jaiprakash Associates Limited,245460
686,BAJAJCON,Bajaj Consumer Care Limited,245359
687,KIRIINDUS,Kiri Industries Limited,244346
688,JAYNECOIND,Jayaswal Neco Industries Limited,242750
689,GLOBUSSPR,Globus Spirits Limited,241972
690,APCOTEXIND,Apcotex Industries Limited,241623
691,SHILPAMED,Shilpa Medicare Limited,241613
692,PGEL,PG Electroplast Limited,240696
693,PTC,PTC India Limited,240359
694,MBAPL,Madhya Bharat Agro Products Limited,240317
695,DOLLAR,Dollar Industries Limited,238917
696,BSHSL,Bombay Super Hybrid Seeds Limited,238680
697,ETHOSLTD,Ethos Limited,237754
698,INDIAGLYCO,India Glycols Limited,237660
699,TVSSRICHAK,TVS Srichakra Limited,236025
700,MARKSANS,Marksans Pharma Limited,234791
701,PARAS,Paras Defence and Space Technologies Limited,234546
702,SBCL,Shivalik Bimetal Controls Limited,234391
703,ARVIND,Arvind Limited,233895
704,PRICOLLTD,Pricol Limited,232611
705,DFMFOODS,DFM Foods Limited,230188
706,JMCPROJECT,JMC Projects (India)  Limited,229694
707,TIPSINDLTD,TIPS Industries Limited,228858
708,ELECTCAST,Electrosteel Castings Limited,228626
709,FIEMIND,Fiem Industries Limited,228251
710,HONDAPOWER,Honda India Power Products Limited,225643
711,SEAMECLTD,Seamec Limited,225621
712,BBOX,Black Box Limited,224656
713,RUPA,Rupa & Company Limited,223703
714,NDTV,New Delhi Television Limited,222942
715,UNICHEMLAB,Unichem Laboratories Limited,222201
716,TIIL,Technocraft Industries (India) Limited,221990
717,PFOCUS,Prime Focus Limited,221957
718,CONFIPET,Confidence Petroleum India Limited,221813
719,GOKEX,Gokaldas Exports Limited,221503
720,INSECTICID,Insecticides (India) Limited,220489
721,MAXVIL,Max Ventures and Industries Limited,220435
722,BAJAJHIND,Bajaj Hindusthan Sugar Limited,219706
723,GUFICBIO,Gufic Biosciences Limited,219531
724,SHARDAMOTR,Sharda Motor Industries Limited,219315
725,CARTRADE,Cartrade Tech Limited,219195
726,IOLCP,IOL Chemicals and Pharmaceuticals Limited,219118
727,DBCORP,D.B.Corp Limited,218564
728,SEQUENT,Sequent Scientific Limited,218504
729,PURVA,Puravankara Limited,217822
730,GENUSPOWER,Genus Power Infrastructures Limited,217668
731,DCXINDIA,DCX Systems Limited,217290
732,ACCELYA,Accelya Solutions India Limited,217274
733,LGBBROSLTD,LG Balakrishnan & Bros Limited,215964
734,NEULANDLAB,Neuland Laboratories Limited,213868
735,BALMLAWRIE,Balmer Lawrie & Company Limited,213840
736,DIAMONDYD,Prataap Snacks Limited,213352
737,RTNPOWER,RattanIndia Power Limited,212119
738,PILANIINVS,Pilani Investment and Industries Corporation Limited,211973
739,KOLTEPATIL,Kolte - Patil Developers Limited,211862
740,AGI,AGI Greenpac Limited,211625
741,FINOPB,Fino Payments Bank Limited,210574
742,PANAMAPET,Panama Petrochem Limited,209489
743,SUNDARMHLD,Sundaram Finance Holdings Limited,209000
744,COSMOFIRST,COSMO FIRST LIMITED,208586
745,SOTL,Savita Oil Technologies Limited,207923
746,AMRUTANJAN,Amrutanjan Health Care Limited,207713
747,GULFOILLUB,Gulf Oil Lubricants India Limited,207489
748,NACLIND,NACL Industries Limited,207318
749,TIRUMALCHM,Thirumalai Chemicals Limited,207234
750,MSTCLTD,Mstc Limited,207222
751,JKIL,J.Kumar Infraprojects Limited,206037
752,ITDCEM,ITD Cementation India Limited,204599
753,ATFL,Agro Tech Foods Limited,204312
754,FILATEX,Filatex India Limited,203785
755,WABAG,VA Tech Wabag Limited,203767
756,APOLLOPIPE,Apollo Pipes Limited,203563
757,TIMETECHNO,Time Technoplast Limited,203306
758,JISLJALEQS,Jain Irrigation Systems Limited,203161
759,SUNFLAG,Sunflag Iron And Steel Company Limited,202296
760,GANECOS,Ganesha Ecosphere Limited,201791
761,SOMANYCERA,Somany Ceramics Limited,201731
762,HERANBA,Heranba Industries Limited,199807
763,MMFL,MM Forgings Limited,198293
764,DWARKESH,Dwarikesh Sugar Industries Limited,197999
765,RAMKY,Ramky Infrastructure Limited,197802
766,MUKANDLTD,Mukand Limited,197525
767,SHK,S H Kelkar and Company Limited,197180
768,HIL,HIL Limited,195776
769,IIFLSEC,IIFL Securities Limited,195547
770,SUBROS,Subros Limited,195218
771,RILINFRA,Rachana Infrastructure Limited,194850
772,CANTABIL,Cantabil Retail India Limited,194837
773,MOREPENLAB,Morepen Laboratories Limited,193477
774,WONDERLA,Wonderla Holidays Limited,193291
775,INDOSTAR,IndoStar Capital Finance Limited,192960
776,JAGRAN,Jagran Prakashan Limited,192863
777,STYLAMIND,Stylam Industries Limited,190971
778,SUBEXLTD,Subex Limited,190519
779,DREAMFOLKS,Dreamfolks Services Limited,190399
780,VSTTILLERS,V.S.T Tillers Tractors Limited,190264
781,VINDHYATEL,Vindhya Telelinks Limited,190094
782,SUPRIYA,Supriya Lifescience Limited,189175
783,KIRLOSIND,Kirloskar Industries Limited,189116
784,VADILALIND,Vadilal Industries Limited,189033
785,TI,Tilaknagar Industries Limited,188953
786,SWARAJENG,Swaraj Engines Limited,188774
787,GATI,GATI Limited,187713
788,KESORAMIND,Kesoram Industries Limited,186061
789,TDPOWERSYS,TD Power Systems Limited,185067
790,SIRCA,Sirca Paints India Limited,184158
791,LANDMARK,Landmark Cars Limited,183668
792,ALEMBICLTD,Alembic Limited,182829
793,TEXRAIL,Texmaco Rail & Engineering Limited,182500
794,HINDOILEXP,Hindustan Oil Exploration Company Limited,181706
795,GOCLCORP,GOCL Corporation Limited,181534
796,MAYURUNIQ,Mayur Uniquoters Ltd,181129
797,ANDHRSUGAR,The Andhra Sugars Limited,180601
798,VIDHIING,Vidhi Specialty Food Ingredients Limited,180152
799,CARERATING,CARE Ratings Limited,179939
800,VISHNU,Vishnu Chemicals Limited,179381
801,GOKULAGRO,Gokul Agro Resources Limited,179270
802,BEPL,Bhansali Engineering Polymers Limited,177851
803,SPIC,Southern Petrochemicals Industries Corporation  Limited,177778
804,GREENPLY,Greenply Industries Limited,177735
805,SESHAPAPER,Seshasayee Paper and Boards Limited,176496
806,SANGHIIND,Sanghi Industries Limited,175951
807,FMGOETZE,Federal-Mogul Goetze (India) Limited.,175658
808,ORISSAMINE,The Orissa Minerals Development Company Limited,175107
809,TIDEWATER,Tide Water Oil Company (India) Limited,174214
810,FAIRCHEMOR,Fairchem Organics Limited,173803
811,ADFFOODS,ADF Foods Limited,171376
812,GENESYS,Genesys International Corporation Limited,167895
813,ANDHRAPAP,ANDHRA PAPER LIMITED,167074
814,STOVEKRAFT,Stove Kraft Limited,166443
815,HERITGFOOD,Heritage Foods Limited,166430
816,DEN,Den Networks Limited,166313
817,DHAMPURSUG,Dhampur Sugar Mills Limited,165006
818,MTNL,Mahanagar Telephone Nigam Limited,164745
819,BOMDYEING,Bombay Dyeing & Mfg Company Limited,163679
820,DATAMATICS,Datamatics Global Services Limited,163319
821,LUMAXTECH,Lumax Auto Technologies Limited,163238
822,SALASAR,Salasar Techno Engineering Limited,163220
823,SHALBY,Shalby Limited,162825
824,AVTNPL,AVT Natural Products Limited,162487
825,NELCO,NELCO Limited,162444
826,TNPL,Tamil Nadu Newsprint & Papers Limited,162437
827,HMT,HMT Limited,162221
828,VALIANTORG,Valiant Organics Limited,161808
829,ISMTLTD,ISMT Limited,161519
830,LSIL,Lloyds Steels Industries Limited,159614
831,IGPL,IG Petrochemicals Limited,158239
832,LUMAXIND,Lumax Industries Limited,158173
833,KPIGREEN,KPI Green Energy Limited,157987
834,KSL,Kalyani Steels Limited,157871
835,GTPL,GTPL Hathway Limited,156998
836,KINGFA,Kingfa Science & Technology (India) Limited,156600
837,KABRAEXTRU,Kabra Extrusion Technik Limited,156452
838,INDORAMA,Indo Rama Synthetics (India) Limited,155493
839,SOLARA,Solara Active Pharma Sciences Limited,154856
840,DYNAMATECH,Dynamatic Technologies Limited,154005
841,JSWISPL,JSW Ispat Special Products Limited,153307
842,SPCENET,Spacenet Enterprises India Limited,153274
843,SHANKARA,Shankara Building Products Limited,153079
844,GRWRHITECH,Garware Hi-Tech Films Limited,152869
845,IMAGICAA,Imagicaaworld Entertainment Limited,152552
846,HESTERBIO,Hester Biosciences Limited,152413
847,GTLINFRA,GTL Infrastructure Limited,152032
848,VERANDA,Veranda Learning Solutions Limited,152021
849,DCW,DCW Limited,150677
850,HUHTAMAKI,Huhtamaki India Limited,150553
851,THANGAMAYL,Thangamayil Jewellery Limited,150154
852,SJS,S.J.S. Enterprises Limited,150028
853,GALLANTT,Gallantt Ispat Limited,149594
854,SUVEN,Suven Life Sciences Limited,149271
855,DCAL,Dishman Carbogen Amcis Limited,148787
856,ORCHPHARMA,Orchid Pharma Limited,148592
857,WENDT,Wendt (India) Limited,148007
858,NRBBEARING,NRB Bearing Limited,147952
859,GOLDIAM,Goldiam International Limited,147170
860,KCP,KCP Limited,146777
861,ZENTEC,Zen Technologies Limited,146497
862,ARVSMART,Arvind SmartSpaces Limited,146380
863,TVTODAY,TV Today Network Limited,146278
864,BFUTILITIE,BF Utilities Limited,145529
865,SHAILY,Shaily Engineering Plastics Limited,145363
866,VENUSPIPES,Venus Pipes & Tubes Limited,145077
867,KRSNAA,Krsnaa Diagnostics Limited,144712
868,GNA,GNA Axles Limited,144215
869,REPCOHOME,Repco Home Finance Limited,144204
870,CIGNITITEC,Cigniti Technologies Limited,143699
871,EXCELINDUS,Excel Industries Limited,143570
872,MONTECARLO,Monte Carlo Fashions Limited,143227
873,BANCOINDIA,Banco Products (I) Limited,143073
874,ALICON,Alicon Castalloy Limited,142936
875,RIIL,Reliance Industrial Infrastructure Limited,142597
876,IMFA,Indian Metals & Ferro Alloys Limited,142223
877,TTKHLTCARE,TTK Healthcare Limited,142194
878,MPSLTD,MPS Limited,141380
879,OAL,Oriental Aromatics Limited,140975
880,SANGHVIMOV,Sanghvi Movers Limited,140448
881,MANALIPETC,Manali Petrochemicals Limited,140437
882,RPGLIFE,RPG Life Sciences Limited,140094
883,ASHIANA,Ashiana Housing Limited,140018
884,INOXGREEN,Inox Green Energy Services Limited,139693
885,RAMASTEEL,Rama Steel Tubes Limited,139600
886,GMRP&UI,GMR Power and Urban Infra Limited,139129
887,TCPLPACK,TCPL Packaging Limited,138907
888,RAMCOIND,Ramco Industries Limited,138878
889,PUNJABCHEM,Punjab Chemicals & Crop Protection Limited,138875
890,WHEELS,Wheels India Limited,138467
891,BBL,Bharat Bijlee Limited,137827
892,SEPC,SEPC Limited,136778
893,INEOSSTYRO,INEOS Styrolution India Limited,136623
894,SASKEN,Sasken Technologies Limited,136511
895,APTECHT,Aptech Limited,136314
896,SANDHAR,Sandhar Technologies Limited,135399
897,BHAGCHEM,Bhagiradha Chemicals & Industries Limited,134970
898,OMAXE,Omaxe Limited,134523
899,DBOL,Dhampur Bio Organics Limited,134435
900,KDDL,KDDL Limited,133669
901,RPSGVENT,RPSG VENTURES LIMITED,132993
902,SATIA,Satia Industries Limited,130950
903,GULPOLY,Gulshan Polyols Limited,130744
904,ORIENTHOT,Oriental Hotels Limited,130645
905,MATRIMONY,Matrimony.Com Limited,129927
906,SKIPPER,Skipper Limited,129775
907,SAKSOFT,Saksoft Limited,129629
908,SURYODAY,Suryoday Small Finance Bank Limited,129301
909,TAJGVK,Taj GVK Hotels & Resorts Limited,128726
910,RANEHOLDIN,Rane Holdings Limited,128707
911,EIHAHOTELS,EIH Associated Hotels Limited,128606
912,KITEX,Kitex Garments Limited,128279
913,INFOBEAN,InfoBeans Technologies Limited,128262
914,DPSCLTD,DPSC Limited,128053
915,KUANTUM,Kuantum Papers Limited,127710
916,KRISHANA,Krishana Phoschem Limited,127625
917,SHRIRAMPPS,Shriram Properties Limited,127473
918,IGARASHI,Igarashi Motors India Limited,127175
919,CARYSIL,CARYSIL LIMITED,125400
920,MADRASFERT,Madras Fertilizers Limited,125015
921,PRECWIRE,Precision Wires India Limited,124974
922,GIPCL,Gujarat Industries Power Company Limited,124707
923,THEMISMED,Themis Medicare Limited,124659
924,TARC,TARC Limited,124531
925,VSSL,Vardhman Special Steels Limited,124462
926,SATIN,Satin Creditcare Network Limited,124063
927,FOSECOIND,Foseco India Limited,123639
928,EVERESTIND,Everest Industries Limited,123484
929,EXPLEOSOL,Expleo Solutions Limited,122999
930,BAJAJHCARE,Bajaj Healthcare Limited,122702
931,ARMANFIN,Arman Financial Services Limited,122124
932,MANORAMA,Manorama Industries Limited,121820
933,STEELXIND,STEEL EXCHANGE INDIA LIMITED,121552
934,THEJO,Thejo Engineering Limited,120823
935,PARAGMILK,Parag Milk Foods Limited,120721
936,XPROINDIA,Xpro India Limited,120418
937,POKARNA,Pokarna Limited,118916
938,PIXTRANS,Pix Transmissions Limited,116836
939,ROSSELLIND,Rossell India Limited,116585
940,NSIL,Nalwa Sons Investments Limited,116419
941,UGARSUGAR,The Ugar Sugar Works Limited,115594
942,ADORWELD,Ador Welding Limited,115267
943,PNBGILTS,PNB Gilts Limited,115116
944,GICHSGFIN,GIC Housing Finance Limited,114460
945,GMBREW,GM Breweries Limited,114207
946,NITINSPIN,Nitin Spinners Limited,114042
947,AXISCADES,AXISCADES Technologies Limited,113834
948,EKC,Everest Kanto Cylinder Limited,113386
949,GEOJITFSL,Geojit Financial Services Limited,113089
950,ELIN,Elin Electronics Limited,113049
951,RICOAUTO,Rico Auto Industries Limited,111881
952,SHIVALIK,Shivalik Rasayan Limited,110698
953,BFINVEST,BF Investment Limited,110027
954,AJMERA,Ajmera Realty & Infra India Limited,109950
955,UTTAMSUGAR,Uttam Sugar Mills Limited,109838
956,AVADHSUGAR,Avadh Sugar & Energy Limited,109751
957,SANGAMIND,Sangam (India) Limited,109711
958,CHEMCON,Chemcon Speciality Chemicals Limited,109489
959,ESTER,Ester Industries Limited,108787
960,DREDGECORP,Dredging Corporation of India Limited,108668
961,SPECIALITY,Speciality Restaurants Limited,107862
962,MONARCH,Monarch Networth Capital Limited,107245
963,UGROCAP,Ugro Capital Limited,106650
964,MARATHON,Marathon Nextgen Realty Limited,106003
965,CENTRUM,Centrum Capital Limited,105464
966,MEDICAMEQ,Medicamen Biotech Limited,105067
967,IWEL,Inox Wind Energy Limited,105028
968,MANGCHEFER,Mangalore Chemicals & Fertilizers Limited,103997
969,CAPACITE,Capacit'e Infraprojects Limited,103874
970,PITTIENG,Pitti Engineering Limited,103650
971,SHREDIGCEM,Shree Digvijay Cement Co.Ltd,103176
972,PFS,PTC India Financial Services Limited,103086
973,NUCLEUS,Nucleus Software Exports Limited,102984
974,BIGBLOC,Bigbloc Construction Limited,101935
975,ARTEMISMED,Artemis Medicare Services Limited,101671
976,SUTLEJTEX,Sutlej Textiles and Industries Limited,101492
977,NAHARSPING,Nahar Spinning Mills Limited,101362
978,COFFEEDAY,Coffee Day Enterprises Limited,100767
979,HITECH,Hi-Tech Pipes Limited,100641
980,GOODLUCK,Goodluck India Limited,99864
981,CLOUD,Varanium Cloud Limited,99605
982,JASH,Jash Engineering Limited,99155
983,BODALCHEM,Bodal Chemicals Limited,99117
984,SMLISUZU,SML Isuzu Limited,97937
985,AXITA,Axita Cotton Limited,97887
986,PRAKASH,Prakash Industries Limited,97868
987,PATELENG,Patel Engineering Limited,97734
988,JAGSNPHARM,Jagsonpal Pharmaceuticals Limited,97653
989,STERTOOLS,Sterling Tools Limited,97247
990,VIMTALABS,Vimta Labs Limited,96544
991,KAMDHENU,Kamdhenu Limited,96267
992,ONMOBILE,OnMobile Global Limited,95420
993,AHL,Abans Holdings Limited,95327
994,UNIVCABLES,Universal Cables Limited,95186
995,NAVKARCORP,Navkar Corporation Limited,95053
996,NGLFINE,NGL Fine-Chem Limited,94901
997,SHALPAINTS,Shalimar Paints Limited,94315
998,IFGLEXPOR,IFGL Refractories Limited,94261
999,5PAISA,5Paisa Capital Limited,94189
1000,PRECAM,Precision Camshafts Limited,94178
1001,SPORTKING,Sportking India Limited,94153
1002,GEPIL,GE Power India Limited,94152
1003,MKPL,M K Proteins Limited,93426
1004,SANDESH,The Sandesh Limited,93339
1005,VHL,Vardhman Holdings Limited,93282
1006,ZEEMEDIA,Zee Media Corporation Limited,92876
1007,QUICKHEAL,Quick Heal Technologies Limited,92826
1008,RGL,Renaissance Global Limited,92651
1009,CENTUM,Centum Electronics Limited,92319
1010,STEELCAS,Steelcast Limited,92305
1011,ARIHANTSUP,Arihant Superstructures Limited,92013
1012,UNIENTER,Uniphos Enterprises Limited,91940
1013,HARIOMPIPE,Hariom Pipe Industries Limited,91612
1014,CENTENKA,Century Enka Limited,91368
1015,VINYLINDIA,Vinyl Chemicals (India) Limited,91328
1016,IMPAL,India Motor Parts and Accessories Limited,90948
1017,INDNIPPON,India Nippon Electricals Limited,90180
1018,DEEPINDS,Deep Industries Limited,89936
1019,AGARIND,Agarwal Industrial Corporation Limited,89582
1020,GANESHBE,Ganesh Benzoplast Limited,89548
1021,SASTASUNDR,Sastasundar Ventures Limited,89419
1022,LIKHITHA,Likhitha Infrastructure Limited,89177
1023,PGIL,Pearl Global Industries Limited,88735
1024,RUSHIL,Rushil Decor Limited,88513
1025,SRHHYPOLTD,Sree Rayalaseema Hi-Strength Hypo Limited,87892
1026,HEXATRADEX,Hexa Tradex Limited,87784
1027,ORIENTPPR,Orient Paper & Industries Limited,87739
1028,ASHAPURMIN,Ashapura Minechem Limited,87735
1029,PANACEABIO,Panacea Biotec Limited,87007
1030,RSWM,RSWM Limited,86903
1031,AWHCL,Antony Waste Handling Cell Limited,86700
1032,RADIOCITY,Music Broadcast Limited,86594
1033,NELCAST,Nelcast Limited,86392
1034,EMAMIPAP,Emami Paper Mills Limited,85939
1035,AMBIKCO,Ambika Cotton Mills Limited,85869
1036,ANUP,The Anup Engineering Limited,85582
1037,KOKUYOCMLN,Kokuyo Camlin Limited,85509
1038,JINDRILL,Jindal Drilling And Industries Limited,85291
1039,SDBL,Som Distilleries & Breweries Limited,83879
1040,SPAL,S. P. Apparels Limited,83642
1041,CLNINDIA,Clariant Chemicals (India) Limited,83487
1042,DVL,Dhunseri Ventures Limited,83446
1043,SIGACHI,Sigachi Industries Limited,83374
1044,SYNCOMF,Syncom Formulations (India) Limited,83190
1045,KICL,Kalyani Investment Company Limited,82875
1046,MANGLMCEM,Mangalam Cement Limited,82217
1047,TNPETRO,Tamilnadu PetroProducts Limited,81919
1048,JYOTISTRUC,Jyoti Structures Limited,81854
1049,HIMATSEIDE,Himatsingka Seide Limited,81719
1050,GREENPOWER,Orient Green Power Company Limited,81078
1051,JETAIRWAYS,Jet Airways (India) Limited,80938
1052,SMCGLOBAL,SMC Global Securities Limited,80410
1053,TRACXN,Tracxn Technologies Limited,80298
1054,NCLIND,NCL Industries Limited,80085
1055,JAIBALAJI,Jai Balaji Industries Limited,79562
1056,APCL,Anjani Portland Cement Limited,78702
1057,DLINKINDIA,D-Link (India) Limited,78697
1058,AURIONPRO,Aurionpro Solutions Limited,78307
1059,RAMCOSYS,Ramco Systems Limited,78186
1060,HLVLTD,HLV LIMITED,78122
1061,ALLSEC,Allsec Technologies Limited,77921
1062,OCCL,Oriental Carbon & Chemicals Limited,77843
1063,AGSTRA,AGS Transact Technologies Limited,77273
1064,63MOONS,63 moons technologies limited,77228
1065,ASALCBR,Associated Alcohols & Breweries Ltd.,77090
1066,BCLIND,Bcl Industries Limited,76954
1067,APEX,Apex Frozen Foods Limited,76953
1068,ORIENTBELL,Orient Bell Limited,76933
1069,TEXINFRA,Texmaco Infrastructure & Holdings Limited,76838
1070,ZOTA,Zota Health Care LImited,76399
1071,PENIND,Pennar Industries Limited,76380
1072,SATINDLTD,Sat Industries Limited,76276
1073,INDRAMEDCO,Indraprastha Medical Corporation Limited,76180
1074,KHAICHEM,Khaitan Chemicals & Fertilizers Limited,75749
1075,BLISSGVS,Bliss GVS Pharma Limited,75407
1076,INDIANHUME,Indian Hume Pipe Company Limited,75142
1077,SHAKTIPUMP,Shakti Pumps (India) Limited,75083
1078,XCHANGING,Xchanging Solutions Limited,74752
1079,VISAKAIND,Visaka Industries Limited,74671
1080,TFCILTD,Tourism Finance Corporation of India Limited,74331
1081,TRIL,Transformers And Rectifiers (India) Limited,74037
1082,RAMRAT,Ram Ratna Wires Limited,73348
1083,ENIL,Entertainment Network (India) Limited,73293
1084,VASCONEQ,Vascon Engineers Limited,72910
1085,BLKASHYAP,B. L. Kashyap and Sons Limited,72817
1086,ROTO,Roto Pumps Limited,72748
1087,KOPRAN,Kopran Limited,72729
1088,GFLLIMITED,GFL Limited,72281
1089,RAJMET,Rajnandini Metal Limited,72161
1090,ROHLTD,Royal Orchid Hotels Limited,71511
1091,LINCOLN,Lincoln Pharmaceuticals Limited,71216
1092,BHAGERIA,Bhageria Industries Limited,70791
1093,CREATIVE,Creative Newtech Limited,70554
1094,JAYBARMARU,Jay Bharat Maruti Limited,70168
1095,TALBROAUTO,Talbros Automotive Components Limited,70142
1096,SMSPHARMA,SMS Pharmaceuticals Limited,70092
1097,CHEVIOT,Cheviot Company Limited,70091
1098,KANORICHEM,Kanoria Chemicals & Industries Limited,69429
1099,DECCANCE,Deccan Cements Limited,69372
1100,FAZE3Q,Faze Three Limited,69309
1101,ZUARI,Zuari Agro Chemicals Limited,68933
1102,3IINFOLTD,3i Infotech Limited,68619
1103,HPAL,HP Adhesives Limited,68575
1104,BETA,Beta Drugs Limited,68258
1105,BINDALAGRO,Oswal Chemicals & Fertilizers Limited,68183
1106,SUMMITSEC,Summit Securities Limited,67973
1107,HERCULES,Hercules Hoists Limited,67968
1108,CLSEL,Chaman Lal Setia Exports Limited,67771
1109,PARACABLES,Paramount Communications Limited,67770
1110,DMCC,DMCC SPECIALITY CHEMICALS LIMITED,67712
1111,ONWARDTEC,Onward Technologies Limited,67527
1112,DHARMAJ,Dharmaj Crop Guard Limited,67426
1113,BHARATWIRE,Bharat Wire Ropes Limited,67393
1114,ARIHANTCAP,Arihant Capital Markets Limited,67153
1115,RML,Rane (Madras) Limited,66826
1116,SCPL,Sheetal Cool Products Limited,66801
1117,RUBYMILLS,The Ruby Mills Limited,66696
1118,GANDHITUBE,Gandhi Special Tubes Limited,66111
1119,CONTROLPR,Control Print Limited,65915
1120,NRL,Nupur Recyclers Limited,65849
1121,SUKHJITS,Sukhjit Starch & Chemicals Limited,65683
1122,SHREYAS,Shreyas Shipping & Logistics Limited,65422
1123,NAHARPOLY,Nahar Poly Films Limited,65207
1124,ASIANTILES,Asian Granito India Limited,64260
1125,HPL,HPL Electric & Power Limited,64236
1126,DPABHUSHAN,D. P. Abhushan Limited,64138
1127,VIKASLIFE,Vikas Lifecare Limited,63900
1128,INDOAMIN,Indo Amines Limited,63592
1129,DCMSRIND,DCM Shriram Industries Limited,63504
1130,SNOWMAN,Snowman Logistics Limited,63326
1131,YUKEN,Yuken India Limited,62082
1132,DIGISPICE,DiGiSPICE Technologies Limited,61822
1133,ATULAUTO,Atul Auto Limited,61660
1134,REFEX,Refex Industries Limited,61535
1135,LINC,Linc Limited,61006
1136,SCHAND,S Chand And Company Limited,60996
1137,BALAXI,BALAXI PHARMACEUTICALS LIMITED,60869
1138,APOLLO,Apollo Micro Systems Limited,60599
1139,JUBLINDS,Jubilant Industries Limited,59854
1140,FOODSIN,Foods & Inns Limited,59525
1141,SHREEPUSHK,Shree Pushkar Chemicals & Fertilisers Limited,58951
1142,SPENCERS,Spencer's Retail Limited,58770
1143,ASAL,Automotive Stampings and Assemblies Limited,58151
1144,ELDEHSG,Eldeco Housing And Industries Limited,57459
1145,KELLTONTEC,Kellton Tech Solutions Limited,56547
1146,RBL,Rane Brake Lining Limited,56451
1147,CREST,Crest Ventures Limited,56160
1148,DPWIRES,D P Wires Limited,56002
1149,UNIVPHOTO,Universus Photo Imagings Limited,55882
1150,JAYAGROGN,Jayant Agro Organics Limited,55380
1151,NECLIFE,Nectar Lifesciences Limited,55056
1152,WINDLAS,Windlas Biotech Limited,54508
1153,HCL-INSYS,HCL Infosystems Limited,54320
1154,STCINDIA,The State Trading Corporation of India Limited,54150
1155,MENONBE,Menon Bearings Limited,54135
1156,OSWALAGRO,Oswal Agro Mills Limited,54097
1157,MEDICO,Medico Remedies Limited,54081
1158,TVSELECT,TVS Electronics Limited,53871
1159,NAHARCAP,Nahar Capital and Financial Services Limited,53847
1160,UNIDT,United Drilling Tools Limited,53509
1161,VLSFINANCE,VLS Finance Limited,53470
1162,EXXARO,Exxaro Tiles Limited,53197
1163,HARDWYN,Hardwyn India Limited,53037
1164,TBZ,Tribhovandas Bhimji Zaveri Limited,52484
1165,URJA,Urja Global Limited,52283
1166,HTMEDIA,HT Media Limited,51088
1167,SWELECTES,Swelect Energy Systems Limited,50926
1168,IFBAGRO,IFB Agro Industries Limited,50456
1169,KSOLVES,Ksolves India Limited,50240
1170,DHANBANK,Dhanlaxmi Bank Limited,50223
1171,NRAIL,N R Agarwal Industries Limited,50172
1172,ADSL,Allied Digital Services Limited,49968
1173,NURECA,Nureca Limited,49816
1174,CSLFINANCE,CSL Finance Limited,49561
1175,RAMAPHO,Rama Phosphates Limited,49231
1176,HITECHGEAR,The Hi-Tech Gears Limited,49125
1177,REPRO,Repro India Limited,48978
1178,SREEL,Sreeleathers Limited,48892
1179,MANAKSIA,Manaksia Limited,48692
1180,BBTCL,B&B Triplewall Containers Limited,48068
1181,MUNJALAU,Munjal Auto Industries Limited,48050
1182,AARTISURF,Aarti Surfactants Limited,48029
1183,GOACARBON,Goa Carbon Limited,47965
1184,GENUSPAPER,Genus Paper & Boards Limited,47697
1185,PROZONINTU,Prozone Intu Properties Limited,47612
1186,INNOVANA,Innovana Thinklabs Limited,47560
1187,KRISHIVAL,Empyrean Cashews Limited,47508
1188,ZIMLAB,Zim Laboratories Limited,47361
1189,GVKPIL,GVK Power & Infrastructure Limited,47359
1190,JPOLYINVST,Jindal Poly Investment and Finance Company Limited,47151
1191,UNITECH,Unitech Limited,47093
1192,FCSSOFT,FCS Software Solutions Limited,47013
1193,SHYAMCENT,Shyam Century Ferrous Limited,46784
1194,EQUIPPP,Equippp Social Impact Technologies Limited,46702
1195,MANINDS,Man Industries (India) Limited,46670
1196,PLASTIBLEN,Plastiblends India Limited,46443
1197,LIBERTSHOE,Liberty Shoes Limited,46298
1198,CONSOFINVT,Consolidated Finvest & Holdings Limited,46194
1199,MAGADSUGAR,Magadh Sugar & Energy Limited,46016
1200,SHEMAROO,Shemaroo Entertainment Limited,45884
1201,BALAJITELE,Balaji Telefilms Limited,45812
1202,PDMJEPAPER,Pudumjee Paper Products Limited,45529
1203,THEINVEST,The Investment Trust Of India Limited,45242
1204,PREMEXPLN,Premier Explosives Limited,45084
1205,DONEAR,Donear Industries Limited,45032
1206,HINDCOMPOS,Hindustan Composites Limited,44957
1207,DSSL,Dynacons Systems & Solutions Limited,44800
1208,MAXIND,Max India Limited,44793
1209,GSS,GSS Infotech Limited,44696
1210,MUTHOOTCAP,Muthoot Capital Services Limited,44614
1211,VARDHACRLC,Vardhman Acrylics Limited,44280
1212,ZUARIIND,ZUARI INDUSTRIES LIMITED,44270
1213,NAHARINDUS,Nahar Industrial Enterprises Limited,44257
1214,MANORG,Mangalam Organics Limited,44248
1215,MIRCELECTR,MIRC Electronics Limited,44227
1216,SILVERTUC,Silver Touch Technologies Limited,44009
1217,INDOBORAX,Indo Borax & Chemicals Limited,43771
1218,ORBTEXP,Orbit Exports Limited,43224
1219,DELPHIFX,DELPHI WORLD MONEY LIMITED,43137
1220,KOTHARIPRO,Kothari Products Limited,42975
1221,MALLCOM,Mallcom (India) Limited,42941
1222,KECL,Kirloskar Electric Company Limited,42771
1223,KHADIM,Khadim India Limited,42759
1224,PTL,PTL Enterprises Limited,42625
1225,DEEPENR,DEEP ENERGY RESOURCES LIMITED,42384
1226,GLOBAL,Global Education Limited,42340
1227,NXTDIGITAL,NXTDIGITAL LIMITED,42140
1228,BGRENERGY,BGR Energy Systems Limited,42034
1229,KRITI,Kriti Industries (India) Limited,42014
1230,KAYA,Kaya Limited,41962
1231,PONNIERODE,Ponni Sugars (Erode) Limited,41806
1232,ORICONENT,Oricon Enterprises Limited,41775
1233,SAKAR,Sakar Healthcare Limited,41751
1234,DYCL,Dynamic Cables Limited,41617
1235,PARSVNATH,Parsvnath Developers Limited,41560
1236,IRISDOREME,Iris Clothings Limited,41454
1237,BIRLACABLE,Birla Cable Limited,41250
1238,INDSWFTLAB,Ind-Swift Laboratories Limited,41036
1239,RANASUG,Rana Sugars Limited,40926
1240,SECL,Salasar Exteriors and Contour Limited,40860
1241,MGEL,Mangalam Global Enterprise Limited,40857
1242,DHUNINV,Dhunseri Investments Limited,40842
1243,HMVL,Hindustan Media Ventures Limited,40814
1244,WEALTH,Wealth First Portfolio Managers Limited,40755
1245,BANSWRAS,Banswara Syntex Limited,40668
1246,KOTHARIPET,Kothari Petrochemicals Limited,40516
1247,MUNJALSHOW,Munjal Showa Limited,40515
1248,VIPCLOTHNG,VIP Clothing Limited,40514
1249,SAKUMA,Sakuma Exports Limited,40462
1250,CLEDUCATE,CL Educate Limited,40200
1251,MOLDTECH,Mold-Tek Technologies Limited,40076
1252,CHEMFAB,Chemfab Alkalis Limited,39924
1253,ICEMAKE,Ice Make Refrigeration Limited,39883
1254,NBIFIN,N. B. I. Industrial Finance Company Limited,39829
1255,MARINE,Marine Electricals (India) Limited,39560
1256,EIFFL,Euro India Fresh Foods Limited,39296
1257,RITCO,Ritco Logistics Limited,39273
1258,SALZERELEC,Salzer Electronics Limited,39182
1259,OMINFRAL,OM INFRA LIMITED,39099
1260,PPL,Prakash Pipes Limited,39071
1261,MAWANASUG,Mawana Sugars Limited,38902
1262,GOKUL,Gokul Refoils and Solvent Limited,38707
1263,HITECHCORP,Hitech Corporation Limited,38551
1264,KERNEX,Kernex Microsystems (India) Limited,38115
1265,AYMSYNTEX,AYM Syntex Limited,38039
1266,4THDIM,Fourth Dimension Solutions Limited,37996
1267,ADVANIHOTR,Advani Hotels & Resorts (India) Limited,37784
1268,MSPL,MSP Steel & Power Limited,37771
1269,FROG,Frog Cellsat Limited,37769
1270,CYBERTECH,Cybertech Systems And Software Limited,37604
1271,RUCHIRA,Ruchira Papers Limited,37530
1272,INTLCONV,International Conveyors Limited,37463
1273,KOTARISUG,Kothari Sugars And Chemicals Limited,37424
1274,LYKALABS,Lyka Labs Limited,37211
1275,NDL,Nandan Denim Limited,37190
1276,SKP,SKP Bearing Industries Limited,37184
1277,KCPSUGIND,KCP Sugar and Industries Corporation Limited,37020
1278,HIRECT,Hind Rectifiers Limited,37003
1279,SILINV,SIL Investments Limited,36964
1280,SARLAPOLY,Sarla Performance Fibers Limited,36867
1281,SELAN,Selan Exploration Technology Limited,36731
1282,CUPID,Cupid Limited,36713
1283,PENINLAND,Peninsula Land Limited,36436
1284,COOLCAPS,Cool Caps Industries Limited,36431
1285,SVPGLOB,SVP GLOBAL TEXTILES LIMITED,36306
1286,OSWALSEEDS,ShreeOswal Seeds And Chemicals Limited,36291
1287,KNAGRI,KN Agri Resources Limited,36248
1288,HINDMOTORS,Hindustan Motors Limited,36202
1289,DYNPRO,Dynemic Products Limited,35973
1290,LOYALTEX,Loyal Textile Mills Limited,35969
1291,RADHIKAJWE,Radhika Jeweltech Limited,35943
1292,JINDALPHOT,Jindal Photo Limited,35761
1293,AURUM,Aurum PropTech Limited,35587
1294,V2RETAIL,V2 Retail Limited,35490
1295,DICIND,DIC India Limited,35486
1296,UFO,UFO Moviez India Limited,35344
1297,SHIVAMAUTO,Shivam Autotech Limited,35261
1298,MINDTECK,Mindteck (India) Limited,35250
1299,NDRAUTO,Ndr Auto Components Limited,35241
1300,TAKE,Take Solutions Limited,35208
1301,SKMEGGPROD,SKM Egg Products Export (India) Limited,35085
1302,VISHWARAJ,Vishwaraj Sugar Industries Limited,35021
1303,FOCE,Foce India Limited,35011
1304,WEBELSOLAR,Websol Energy System Limited,35010
1305,DENORA,De Nora India Limited,34503
1306,ORIENTABRA,Orient Abrasives Limited,34456
1307,HUBTOWN,Hubtown Limited,34222
1308,CINELINE,Cineline India Limited,34108
1309,PPAP,PPAP Automotive Limited,33943
1310,SERVOTECH,Servotech Power Systems Limited,33823
1311,MACPOWER,Macpower CNC Machines Limited,33724
1312,BIRLAMONEY,Aditya Birla Money Limited,33602
1313,BASML,Bannari Amman Spinning Mills Limited,33556
1314,REVATHI,Revathi Equipment Limited,33516
1315,GSCLCEMENT,Gujarat Sidhee Cement Limited,33421
1316,INDOTHAI,Indo Thai Securities Limited,33195
1317,DUCON,Ducon Infratechnologies Limited,33012
1318,SOUTHWEST,South West Pinnacle Exploration Limited,32981
1319,BRNL,Bharat Road Network Limited,32950
1320,DUGLOBAL,DUDIGITAL GLOBAL LIMITED,32937
1321,SIMPLEXINF,Simplex Infrastructures Limited,32857
1322,GKWLIMITED,GKW Limited,32801
1323,FOCUS,Focus Lighting and Fixtures Limited,32793
1324,WEL,Wonder Fibromats Limited,32765
1325,ASHIMASYN,Ashima Limited,32678
1326,VIKASECO,Vikas EcoTech Limited,32665
1327,CHEMBOND,Chembond Chemicals Ltd,32652
1328,APOLSINHOT,Apollo Sindoori Hotels Limited,32631
1329,JSLL,Jeena Sikho Lifecare Limited,32498
1330,SBC,SBC Exports Limited,32487
1331,ALBERTDAVD,Albert David Limited,32345
1332,20MICRONS,20 Microns Limited,32128
1333,KOTYARK,Kotyark Industries Limited,32059
1334,MMP,MMP Industries Limited,32033
1335,QMSMEDI,QMS Medical Allied Services Limited,31925
1336,PRIMESECU,Prime Securities Limited,31884
1337,MEP,MEP Infrastructure Developers Limited,31828
1338,EMKAYTOOLS,Emkay Taps and Cutting Tools Limited,31768
1339,GPTINFRA,GPT Infraprojects Limited,31675
1340,ESSENTIA,Integra Essentia Limited,31535
1341,GEECEE,GeeCee Ventures Limited,31441
1342,SAKHTISUG,Sakthi Sugars Limited,31257
1343,WALCHANNAG,Walchandnagar Industries Limited,31130
1344,BPL,BPL Limited,31104
1345,MCLEODRUSS,Mcleod Russel India Limited,30971
1346,ASAHISONG,Asahi Songwon Colors Limited,30818
1347,BCONCEPTS,Brand Concepts Limited,30732
1348,JITFINFRA,JITF Infralogistics Limited,30716
1349,NATHBIOGEN,Nath Bio-Genes (India) Limited,30701
1350,VITAL,Vital Chemtech Limited,30681
1351,AUTOIND,Autoline Industries Limited,30625
1352,IEL,Indiabulls Enterprises Limited,30544
1353,DCMNVL,DCM Nouvelle Limited,30417
1354,EMAMIREAL,Emami Realty Limited,30313
1355,PASUPTAC,Pasupati Acrylon Limited,30261
1356,NIPPOBATRY,Indo-National Limited,30248
1357,FCONSUMER,Future Consumer Limited,29956
1358,ONEPOINT,One Point One Solutions Limited,29902
1359,STEL,Stel Holdings Limited,29815
1360,MAHEPC,Mahindra EPC Irrigation Limited,29589
1361,STARPAPER,Star Paper Mills Limited,29164
1362,WINDMACHIN,Windsor Machines Limited,29122
1363,TRIGYN,Trigyn Technologies Limited,29031
1364,KMSUGAR,K.M.Sugar Mills Limited,28750
1365,DANGEE,Dangee Dums Limited,28639
1366,VERTOZ,Vertoz Advertising Limited,28614
1367,RAJTV,Raj Television Network Limited,28474
1368,PODDARMENT,Poddar Pigments Limited,28387
1369,LGBFORGE,LGB Forge Limited,28346
1370,DEVIT,Dev Information Technology Limited,28331
1371,ABAN,Aban Offshore Limited,28278
1372,INDTERRAIN,Indian Terrain Fashions Limited,28107
1373,EUROBOND,Euro Panel Products Limited,28053
1374,GINNIFILA,Ginni Filaments Limited,28050
1375,MHLXMIRU,Mahalaxmi Rubtech Limited,28032
1376,UCALFUEL,Ucal Fuel Systems Limited,28018
1377,EROSMEDIA,Eros International Media Limited,27863
1378,OSIAHYPER,Osia Hyper Retail Limited,27807
1379,SINTERCOM,Sintercom India Limited,27803
1380,ASIANENE,Asian Energy Services Limited,27756
1381,E2E,E2E Networks Limited,27662
1382,COASTCORP,Coastal Corporation Limited,27598
1383,BMETRICS,Bombay Metrics Supply Chain Limited,27562
1384,GRPLTD,GRP Limited,27369
1385,GOYALALUM,Goyal Aluminiums Limited,27276
1386,MAZDA,Mazda Limited,27230
1387,JAYSREETEA,Jayshree Tea & Industries Limited,27174
1388,ARROWGREEN,Arrow Greentech Limited,27143
1389,SADBHAV,Sadbhav Engineering Limited,27022
1390,BROOKS,Brooks Laboratories Limited,27000
1391,PAVNAIND,Pavna Industries Limited,26859
1392,ARIES,Aries Agro Limited,26847
1393,NILAINFRA,Nila Infrastructures Limited,26784
1394,SOLEX,Solex Energy Limited,26728
1395,SHIVAUM,Shiv Aum Steels Limited,26521
1396,MWL,Mangalam Worldwide Limited,26461
1397,MARALOVER,Maral Overseas Limited,26337
1398,AARVI,Aarvi Encon Limited,26264
1399,AHLEAST,Asian Hotels (East) Limited,26203
1400,TOTAL,Total Transport Systems Limited,25618
1401,ACCURACY,Accuracy Shipping Limited,25279
1402,USASEEDS,Upsurge Seeds Of Agriculture Limited,25165
1403,HARRMALAYA,Harrisons  Malayalam Limited,25109
1404,BIL,Bhartiya International Limited,25049
1405,PVP,PVP Ventures Limited,24873
1406,CAREERP,Career Point Limited,24706
1407,TPLPLASTEH,TPL Plastech Limited,24688
1408,SEJALLTD,Sejal Glass Limited,24644
1409,KRITINUT,Kriti Nutrients Limited,24576
1410,ZODIACLOTH,Zodiac Clothing Company Limited,24500
1411,PIONDIST,Pioneer Distilleries Limited,24373
1412,DTIL,Dhunseri Tea & Industries Limited,24267
1413,KILITCH,Kilitch Drugs (India) Limited,24254
1414,VENUSREM,Venus Remedies Limited,24208
1415,KORE,Jay Jalaram Technologies Limited,24119
1416,MEGASOFT,Megasoft Limited,24012
1417,UNITEDPOLY,United Polyfab Gujarat Limited,23990
1418,REPL,Rudrabhishek Enterprises Limited,23924
1419,BAFNAPH,Bafna Pharmaceuticals Limited,23834
1420,SWASTIK,Swastik Pipe Limited,23801
1421,INSPIRISYS,Inspirisys Solutions Limited,23770
1422,KREBSBIO,Krebs Biochemicals and Industries Limited,23641
1423,PHANTOMFX,Phantom Digital Effects Limited,23612
1424,GUJAPOLLO,Gujarat Apollo Industries Limited,23417
1425,KAMATHOTEL,Kamat Hotels (I) Limited,23313
1426,ANNAPURNA,Annapurna Swadisht Limited,23311
1427,MURUDCERA,Murudeshwar Ceramics Limited,23193
1428,ALLETEC,All E Technologies Limited,23183
1429,IVC,IL&FS Investment Managers Limited,23081
1430,SINTEX,Sintex Industries Limited,23070
1431,ZEELEARN,Zee Learn Limited,22990
1432,HDIL,Housing Development and Infrastructure Limited,22989
1433,MEGASTAR,Megastar Foods Limited,22953
1434,PRECOT,Precot Limited,22824
1435,EIMCOELECO,Eimco Elecon (India) Limited,22771
1436,RAMANEWS,Shree Rama Newsprint Limited,22718
1437,MAANALU,Maan Aluminium Limited,22675
1438,MANAKSTEEL,Manaksia Steels Limited,22478
1439,GIRRESORTS,GIR Natureview Resorts Limited,22472
1440,SIL,Standard Industries Limited,22322
1441,SUPERHOUSE,Superhouse Limited,22265
1442,INVENTURE,Inventure Growth & Securities Limited,22260
1443,TIRUPATIFL,Tirupati Forge Limited,21854
1444,GULFPETRO,GP Petroleums Limited,21847
1445,MBLINFRA,MBL Infrastructure Limited,21841
1446,SPLIL,SPL Industries Limited,21765
1447,PRAXIS,Praxis Home Retail Limited,21764
1448,MANGALAM,Mangalam Drugs And Organics Limited,21708
1449,SUULD,Suumaya Industries Limited,21637
1450,SHREYANIND,Shreyans Industries Limited,21422
1451,MODISONLTD,MODISON LIMITED,21401
1452,SARVESHWAR,Sarveshwar Foods Limited,21361
1453,SADBHIN,Sadbhav Infrastructure Project Limited,21310
1454,AKSHARCHEM,AksharChem India Limited,21276
1455,ARSHIYA,Arshiya Limited,21210
1456,BOHRAIND,Bohra Industries Limited,21103
1457,SIGMA,Sigma Solve Limited,21069
1458,VETO,Veto Switchgears And Cables Limited,21055
1459,AIRAN,Airan Limited,20816
1460,VISESHINFO,Visesh Infotecnics Limited,20759
1461,PALREDTEC,Palred Technologies Limited,20679
1462,VIPULLTD,Vipul Limited,20637
1463,SECURKLOUD,SECUREKLOUD TECHNOLOGIES LIMITED,20497
1464,KOHINOOR,Kohinoor Foods Limited,20408
1465,PREMIERPOL,Premier Polyfilm Limited,20341
1466,ESSARSHPNG,Essar Shipping Limited,20284
1467,MAHESHWARI,Maheshwari Logistics Limited,20156
1468,TIL,TIL Limited,20045
1469,BSL,BSL Limited,19982
1470,KANPRPLA,Kanpur Plastipack Limited,19945
1471,TIPSFILMS,Tips Films Limited,19812
1472,JAINAM,Jainam Ferro Alloys (I) Limited,19797
1473,ISFT,Intrasoft Technologies Limited,19777
1474,RAJSREESUG,Rajshree Sugars & Chemicals Limited,19765
1475,RPPL,Rajshree Polypack Limited,19744
1476,FLFL,Future Lifestyle Fashions Limited,19673
1477,LOVABLE,Lovable Lingerie Limited,19617
1478,NITCO,Nitco Limited,19402
1479,BHARATGEAR,Bharat Gears Limited,19278
1480,PILITA,PIL ITALICA LIFESTYLE LIMITED,19270
1481,BEDMUTHA,Bedmutha Industries Limited,19245
1482,EMKAY,Emkay Global Financial Services Limited,19207
1483,RNAVAL,Reliance Naval and Engineering Limited,19177
1484,INDOTECH,Indo Tech Transformers Limited,19164
1485,RUCHINFRA,Ruchi Infrastructure Limited,19087
1486,XELPMOC,Xelpmoc Design And Tech Limited,18960
1487,SGIL,Synergy Green Industries Limited,18934
1488,MADHAVBAUG,Vaidya Sane Ayurved Laboratories Limited,18924
1489,SMSLIFE,SMS Lifesciences India Limited,18911
1490,TRF,TRF Limited,18862
1491,LOKESHMACH,Lokesh Machines Limited,18810
1492,SMLT,Sarthak Metals Limited,18728
1493,IL&FSENGG,IL&FS Engineering and Construction Company Limited,18685
1494,PAR,Par Drugs And Chemicals Limited,18586
1495,IITL,Industrial Investment Trust Limited,18499
1496,MAHAPEXLTD,Maha Rashtra Apex Corporation Limited,18431
1497,TTL,T T Limited,18327
1498,ALMONDZ,Almondz Global Securities Limited,18249
1499,ASPINWALL,Aspinwall and Company Limited,18221
1500,ELGIRUBCO,Elgi Rubber Company Limited,18218
1501,PRITI,Priti International Limited,18178
1502,MODIRUBBER,Modi Rubber Limited,17904
1503,KRISHNADEF,Krishna Defence and Allied Industries Limited,17882
1504,VISASTEEL,Visa Steel Limited,17658
1505,PASHUPATI,Pashupati Cotspin Limited,17577
1506,A2ZINFRA,A2Z Infra Engineering Limited,17524
1507,SPTL,Sintex Plastics Technology Limited,17494
1508,WORTH,Worth Peripherals Limited,17452
1509,AARON,Aaron Industries Limited,17326
1510,COMPINFO,Compuage Infocom Limited,17282
1511,TIRUPATI,Shree Tirupati Balajee FIBC Limited,17120
1512,SIKKO,Sikko Industries Limited,17102
1513,EMMBI,Emmbi Industries Limited,17080
1514,ANMOL,Anmol India Limited,16972
1515,JOCIL,Jocil Limited,16967
1516,BYKE,The Byke Hospitality Ltd,16941
1517,ALPHAGEO,Alphageo (India) Limited,16921
1518,KBCGLOBAL,KBC Global Limited,16913
1519,ZODIAC,Zodiac Energy Limited,16894
1520,CEREBRAINT,Cerebra Integrated Technologies Limited,16845
1521,TEXMOPIPES,Texmo Pipes and Products Limited,16831
1522,GOLDSTAR,Goldstar Power Limited,16769
1523,RHFL,Reliance Home Finance Limited,16717
1524,ARTNIRMAN,Art Nirman Limited,16596
1525,DJML,DJ Mediaprint & Logistics Limited,16572
1526,GOLDTECH,Goldstone Technologies Limited,16426
1527,GAYAPROJ,Gayatri Projects Limited,16380
1528,GILLANDERS,Gillanders Arbuthnot & Company Limited,16359
1529,OBCL,Orissa Bengal Carrier Limited,16329
1530,BEWLTD,BEW Engineering Limited,16258
1531,WEIZMANIND,Weizmann Limited,16121
1532,AKSHOPTFBR,Aksh Optifibre Limited,16107
1533,UMAEXPORTS,Uma Exports Limited,16093
1534,WANBURY,Wanbury Limited,16021
1535,YAARI,Yaari Digital Integrated Services Limited,15972
1536,COMPUSOFT,Compucom Software Limited,15944
1537,ASCOM,Ascom Leasing & Investments Limited,15927
1538,LOTUSEYE,Lotus Eye Hospital and Institute Limited,15920
1539,KAKATCEM,Kakatiya Cement Sugar & Industries Limited,15909
1540,SHIVATEX,Shiva Texyarn Limited,15659
1541,ASIANHOTNR,Asian Hotels (North) Limited,15631
1542,JMA,Jullundur Motor Agency (Delhi) Limited,15600
1543,RANEENGINE,Rane Engine Valve Limited,15544
1544,DCI,Dc Infotech And Communication Limited,15480
1545,SETCO,Setco Automotive Limited,15450
1546,INTENTECH,Intense Technologies Limited,15439
1547,RVHL,Ravinder Heights Limited,15343
1548,3RDROCK,3rd Rock Multimedia Limited,15316
1549,ALANKIT,Alankit Limited,15297
1550,ASTRON,Astron Paper & Board Mill Limited,15252
1551,DCM,DCM  Limited,15176
1552,INDOWIND,Indowind Energy Limited,15077
1553,AKSHAR,Akshar Spintex Limited,15074
1554,URAVI,Uravi T and Wedge Lamps Limited,15070
1555,RPPINFRA,R.P.P. Infra Projects Limited,15065
1556,SURANAT&P,Surana Telecom and Power Limited,14934
1557,BALLARPUR,Ballarpur Industries Limited,14875
1558,SITINET,Siti Networks Limited,14825
1559,IRIS,Iris Business Services Limited,14799
1560,SVLL,Shree Vasu Logistics Limited,14791
1561,AVROIND,AVRO INDIA LIMITED,14687
1562,SOFTTECH,Softtech Engineers Limited,14665
1563,VAISHALI,Vaishali Pharma Limited,14622
1564,BTML,Bodhi Tree Multimedia Limited,14581
1565,TEMBO,Tembo Global Industries Limited,14529
1566,NOIDATOLL,Noida Toll Bridge Company Limited,14523
1567,JHS,JHS Svendgaard Laboratories Limited,14505
1568,ARCHIDPLY,Archidply Industries Limited,14442
1569,KSHITIJPOL,Kshitij Polyline Limited,14360
1570,INDBANK,Indbank Merchant Banking Services Limited,14312
1571,BHAGYANGR,Bhagyanagar India Limited,14302
1572,BALPHARMA,Bal Pharma Limited,14301
1573,ARVEE,Arvee Laboratories (India) Limited,14287
1574,VINNY,Vinny Overseas Limited,14236
1575,NPST,Network People Services Technologies Limited,14200
1576,PRITIKAUTO,Pritika Auto Industries Limited,14188
1577,RELCHEMQ,Reliance Chemotex Industries Limited,14178
1578,PROPEQUITY,P. E. Analytics Limited,14172
1579,STARTECK,Starteck Finance Limited,14137
1580,SALONA,Salona Cotspin Limited,14114
1581,MANAKALUCO,Manaksia Aluminium Company Limited,14090
1582,PALASHSECU,Palash Securities Limited,13994
1583,AVG,AVG Logistics Limited,13989
1584,UNITEDTEA,The United Nilgiri Tea Estates Company Limited,13963
1585,SMARTLINK,Smartlink Holdings Limited,13890
1586,LEMERITE,Le Merite Exports Limited,13830
1587,LEXUS,Lexus Granito (India) Limited,13817
1588,NILASPACES,Nila Spaces Limited,13786
1589,SHIGAN,Shigan Quantum Technologies Limited,13772
1590,REMSONSIND,Remsons Industries Limited,13741
1591,PODDARHOUS,Poddar Housing and Development Limited,13739
1592,GENCON,Generic Engineering Construction and Projects Limited,13695
1593,NDGL,Naga Dhunseri Group Limited,13689
1594,LASA,Lasa Supergenerics Limited,13686
1595,NIRAJ,Niraj Cement Structurals Limited,13613
1596,INDIANCARD,Indian Card Clothing Company Limited,13558
1597,UMANGDAIRY,Umang Dairies Limited,13543
1598,CORALFINAC,Coral India Finance & Housing Limited,13521
1599,IL&FSTRANS,IL&FS Transportation Networks Limited,13487
1600,SRPL,Shree Ram Proteins Limited,13420
1601,PANSARI,Pansari Developers Limited,13390
1602,HILTON,Hilton Metal Forging Limited,13388
1603,AHLADA,Ahlada Engineers Limited,13328
1604,ALPA,Alpa Laboratories Limited,13256
1605,ALKALI,Alkali Metals Limited,13034
1606,SUNDARAM,Sundaram Multi Pap Limited,13032
1607,CAPTRUST,Capital Trust Limited,12934
1608,PARIN,Parin Furniture Limited,12930
1609,IVP,IVP Limited,12913
1610,BAHETI,Baheti Recycling Industries Limited,12873
1611,SUNDRMBRAK,Sundaram Brake Linings Limited,12801
1612,SALSTEEL,S.A.L. Steel Limited,12787
1613,SHAHALLOYS,Shah Alloys Limited,12730
1614,AJRINFRA,AJR INFRA AND TOLLING LIMITED,12715
1615,BLBLIMITED,BLB Limited,12714
1616,SPECTRUM,Spectrum Electrical Industries Limited,12686
1617,GTL,GTL Limited,12584
1618,NECCLTD,North Eastern Carrying Corporation Limited,12474
1619,GANGESSECU,Ganges Securities Limited,12360
1620,AIROLAM,Airo Lam limited,12287
1621,ATLANTA,Atlanta  Limited,12184
1622,CCHHL,Country Club Hospitality & Holidays Limited,12178
1623,SPMLINFRA,SPML Infra Limited,12151
1624,NGIL,Nakoda Group of Industries Limited,12116
1625,SECURCRED,SecUR Credentials Limited,12062
1626,KAPSTON,Kapston Services Limited,12056
1627,MUKTAARTS,Mukta Arts Limited,11970
1628,AKG,Akg Exim Limited,11900
1629,GOLDENTOBC,Golden Tobacco Limited,11895
1630,OMAXAUTO,Omax Autos Limited,11882
1631,MANAKCOAT,Manaksia Coated Metals & Industries Limited,11796
1632,DAMODARIND,Damodar Industries Limited,11743
1633,MAHASTEEL,Mahamaya Steel Industries Limited,11660
1634,MRO-TEK,MRO-TEK Realty Limited,11612
1635,GAL,Gyscoal Alloys Limited,11467
1636,SIMBHALS,Simbhaoli Sugars Limited,11455
1637,AMDIND,AMD Industries Limited,11423
1638,VMARCIND,V Marc India Limited,11393
1639,FSC,Future Supply Chain Solutions Limited,11366
1640,PIONEEREMB,Pioneer Embroideries Limited,11364
1641,CTE,Cambridge Technology Enterprises Limited,11327
1642,LPDC,Landmark Property Development Company Limited,11268
1643,SURYALAXMI,Suryalakshmi Cotton Mills Limited,11255
1644,KRITIKA,Kritika Wires Limited,11228
1645,AMJLAND,Amj Land Holdings Limited,11214
1646,SIGIND,Signet Industries Limited,11157
1647,DRSDILIP,DRS Dilip Roadlines Limited,11146
1648,SURANASOL,Surana Solar Limited,11022
1649,ATALREAL,Atal Realtech Limited,10990
1650,LAGNAM,Lagnam Spintex Limited,10964
1651,LAMBODHARA,Lambodhara Textiles Limited,10876
1652,TARMAT,Tarmat Limited,10850
1653,PRAENG,Prajay Engineers Syndicate Limited,10840
1654,MOTOGENFIN,The Motor & General Finance Limited,10786
1655,UNIVASTU,Univastu India Limited,10740
1656,JAIPURKURT,Nandani Creation Limited,10661
1657,FIBERWEB,Fiberweb (India) Limited,10595
1658,SUVIDHAA,Suvidhaa Infoserve Limited,10580
1659,ANIKINDS,Anik Industries Limited,10560
1660,RKEC,RKEC Projects Limited,10556
1661,TAINWALCHM,Tainwala Chemical and Plastic (I) Limited,10539
1662,DIL,Debock Industries Limited,10511
1663,INCREDIBLE,INCREDIBLE INDUSTRIES LIMITED,10382
1664,PARTYCRUS,Party Cruisers Limited,10304
1665,TOUCHWOOD,Touchwood Entertainment Limited,10293
1666,WELINV,Welspun Investments and Commercials Limited,10256
1667,GROBTEA,The Grob Tea Company Limited,10233
1668,AUSOMENT,Ausom Enterprise Limited,10156
1669,BAGFILMS,B.A.G Films and Media Limited,10085
1670,SONAMCLOCK,Sonam Clock Limited,9998
1671,HPIL,Hindprakash Industries Limited,9960
1672,IZMO,IZMO Limited,9923
1673,PRESSMN,Pressman Advertising Limited,9910
1674,AAREYDRUGS,Aarey Drugs & Pharmaceuticals Limited,9811
1675,SHRENIK,Shrenik Limited,9792
1676,TOKYOPLAST,Tokyo Plast International Limited,9601
1677,LLOYDS,Lloyds Luxuries Limited,9563
1678,SUMIT,Sumit Woods Limited,9558
1679,STEELCITY,Steel City Securities Limited,9525
1680,DGCONTENT,Digicontent Limited,9310
1681,CELEBRITY,Celebrity Fashions Limited,9275
1682,BEARDSELL,Beardsell Limited,9273
1683,HINDCON,Hindcon Chemicals Limited,9271
1684,KANANIIND,Kanani Industries Limited,9151
1685,ENERGYDEV,Energy Development Company Limited,9120
1686,PROLIFE,Prolife Industries Limited,9093
1687,VIVIMEDLAB,Vivimed Labs Limited,9079
1688,FIDEL,Fidel Softech Limited,9075
1689,AGROPHOS,Agro Phos India Limited,9063
1690,KALYANIFRG,Kalyani Forge Limited,9048
1691,ROML,Raj Oil Mills Limited,8986
1692,BIOFILCHEM,Biofil Chemicals & Pharmaceuticals Limited,8983
1693,ELECTHERM,Electrotherm (India) Limited,8965
1694,AURDIS,Aurangabad Distillery Limited,8938
1695,PATINTLOG,Patel Integrated Logistics Limited,8858
1696,PRAKASHSTL,Prakash Steelage Limited,8750
1697,GICL,Globe International Carriers Limited,8743
1698,DOLLEX,Dollex Agrotech Limited,8664
1699,BHANDARI,Bhandari Hosiery Exports Limited,8645
1700,ARCHIES,Archies Limited,8597
1701,TARACHAND,Tara Chand InfraLogistic Solutions Limited,8555
1702,MITCON,MITCON Consultancy & Engineering Services Limited,8489
1703,DBSTOCKBRO,DB (International) Stock Brokers Limited,8418
1704,MCL,Madhav Copper Limited,8387
1705,SHIVAMILLS,Shiva Mills Limited,8318
1706,MORARJEE,Morarjee Textiles Limited,8302
1707,DHRUV,Dhruv Consultancy Services Limited,8258
1708,ANKITMETAL,Ankit Metal & Power Limited,8255
1709,CORDSCABLE,Cords Cable Industries Limited,8254
1710,MHHL,Mohini Health & Hygiene Limited,8124
1711,TREJHARA,TREJHARA SOLUTIONS LIMITED,8106
1712,BANKA,Banka BioLoo Limited,8092
1713,OILCOUNTUB,Oil Country Tubular Limited,8083
1714,DELTAMAGNT,Delta Manufacturing Limited,8073
1715,ARIHANTACA,Arihant Academy Limited,8017
1716,GSTL,Globesecure Technologies Limited,8011
1717,CENTEXT,Century Extrusions Limited,8000
1718,WIPL,The Western India Plywoods Limited,7974
1719,SHREERAMA,Shree Rama Multi-Tech Limited,7902
1720,FLEXITUFF,Flexituff Ventures International Limited,7888
1721,GEEKAYWIRE,Geekay Wires Limited,7860
1722,NITIRAJ,Nitiraj Engineers Limited,7822
1723,PKTEA,The Peria Karamalai Tea & Produce Company Limited,7769
1724,EXCEL,Excel Realty N Infra Limited,7759
1725,AAATECH,AAA Technologies Limited,7677
1726,ZENITHSTL,Zenith Steel Pipes & Industries Limited,7612
1727,TREEHOUSE,Tree House Education & Accessories Limited,7574
1728,KEYFINSERV,Keynote Financial Services Limited,7555
1729,SAMBHAAV,Sambhaav Media Limited,7549
1730,GLOBALVECT,Global Vectra Helicorp Limited,7539
1731,FEL,Future Enterprises Limited,7506
1732,GIRIRAJ,Giriraj Civil Developers Limited,7494
1733,AROGRANITE,Aro Granite Industries Limited,7489
1734,LATTEYS,Latteys Industries Limited,7469
1735,JBFIND,JBF Industries Limited,7409
1736,MAGNUM,Magnum Ventures Limited,7314
1737,AVSL,AVSL Industries Limited,7112
1738,PANACHE,Panache Digilife Limited,7092
1739,HISARMETAL,Hisar Metal Industries Limited,7085
1740,PIGL,Power & Instrumentation (Gujarat) Limited,7074
1741,AAKASH,Aakash Exploration Services Limited,6986
1742,PRECISION,Precision Metaliks Limited,6951
1743,SEPOWER,S.E. Power Limited,6924
1744,UMA,Uma Converter Limited,6903
1745,CMRSL,Cyber Media Research & Services Limited,6881
1746,GLOBE,Globe Textiles (India) Limited,6877
1747,INDSWFTLTD,Ind-Swift Limited,6852
1748,CINEVISTA,Cinevista Limited,6835
1749,ORIENTLTD,Orient Press Limited,6710
1750,REGENCERAM,Regency Ceramics Limited,6703
1751,NIDAN,Nidan Laboratories and Healthcare Limited,6693
1752,ROLTA,Rolta India Limited,6636
1753,MALUPAPER,Malu Paper Mills Limited,6628
1754,SHRADHA,Shradha Infraprojects Limited,6541
1755,MAHICKRA,Mahickra Chemicals Limited,6534
1756,MDL,Marvel Decor Limited,6475
1757,AGRITECH,Agri-Tech (India) Limited,6397
1758,RSSOFTWARE,R. S. Software (India) Limited,6389
1759,MOKSH,Moksh Ornaments Limited,6386
1760,MBECL,Mcnally Bharat Engineering Company Limited,6370
1761,BANG,Bang Overseas Limited,6278
1762,PENTAGOLD,Penta Gold Limited,6216
1763,AJOONI,Ajooni Biotech Limited,6149
1764,HYBRIDFIN,Hybrid Financial Services Limited,6137
1765,IPSL,Integrated Personnel Services Limited,6082
1766,HOVS,HOV Services Limited,6033
1767,ABMINTLLTD,ABM International Limited,5838
1768,HECPROJECT,HEC Infra Projects Limited,5835
1769,VINEETLAB,Vineet Laboratories Limited,5831
1770,BDR,BDR Buildcon Limited,5824
1771,PNC,Pritish Nandy Communications Limited,5816
1772,UJAAS,Ujaas Energy Limited,5808
1773,ARHAM,Arham Technologies Limited,5736
1774,SUPREMEINF,Supreme Infrastructure India Limited,5731
1775,TERASOFT,Tera Software Limited,5618
1776,PULZ,Pulz Electronics Limited,5610
1777,CUBEXTUB,Cubex Tubings Limited,5599
1778,VASWANI,Vaswani Industries Limited,5595
1779,AARVEEDEN,Aarvee Denims & Exports Limited,5560
1780,ACEINTEG,Ace Integrated Solutions Limited,5534
1781,BVCL,Barak Valley Cements Limited,5440
1782,RELIABLE,Reliable Data Services Limited,5439
1783,VIVIANA,Viviana Power Tech Limited,5427
1784,KKVAPOW,KKV Agro Powers Limited,5380
1785,MTEDUCARE,MT Educare Limited,5309
1786,BANARBEADS,Banaras Beads Limited,5276
1787,SUMEETINDS,Sumeet Industries Limited,5234
1788,NIBL,NRB Industrial Bearings Limited,5210
1789,SIDDHIKA,Siddhika Coatings Limited,5190
1790,AKASH,Akash Infra-Projects Limited,5177
1791,SANWARIA,Sanwaria Consumer Limited,5153
1792,LGHL,Laxmi Goldorna House Limited,5103
1793,KHANDSE,Khandwala Securities Limited,5095
1794,ABCOTS,A B Cotspin India Limited,5089
1795,GANGAFORGE,Ganga Forging Limited,5086
1796,WEWIN,WE WIN LIMITED,5060
1797,SUPERSPIN,Super Spinning Mills Limited,5060
1798,SOMICONVEY,Somi Conveyor Beltings Limited,4995
1799,NAGREEKEXP,Nagreeka Exports Limited,4994
1800,TIMESCAN,Timescan Logistics (India) Limited,4988
1801,MANUGRAPH,Manugraph India Limited,4912
1802,AISL,ANI Integrated Services Limited,4882
1803,LIBAS,Libas Consumer Products Limited,4861
1804,SGL,STL Global Limited,4845
1805,TIMESGTY,Times Guaranty Limited,4843
1806,SAGARDEEP,Sagardeep Alloys Limited,4810
1807,JETFREIGHT,Jet Freight Logistics Limited,4803
1808,KHFM,Khfm Hospitality And Facility Management Services Limited,4791
1809,AMBANIORG,Ambani Organics Limited,4767
1810,BURNPUR,Burnpur Cement Limited,4737
1811,VSCL,Vadivarhe Speciality Chemicals Limited,4730
1812,GODHA,Godha Cabcon & Insulation Limited,4664
1813,MRO,M.R. Organisation Limited,4625
1814,NEXTMEDIA,Next Mediaworks Limited,4616
1815,ARSSINFRA,ARSS Infrastructure Projects Limited,4593
1816,DKEGL,D.K. Enterprises Global Limited,4576
1817,PRITIKA,Pritika Engineering Components Limited,4554
1818,ADROITINFO,Adroit Infotech Limited,4549
1819,UCL,Ushanti Colour Chem Limited,4531
1820,PARASPETRO,Paras Petrofils Limited,4512
1821,AGNI,Agni Green Power Limited,4415
1822,ZENITHEXPO,Zenith Exports Limited,4376
1823,VARDMNPOLY,Vardhman Polytex Limited,4324
1824,BALKRISHNA,Balkrishna Paper Mills Limited,4291
1825,MADHUCON,Madhucon Projects Limited,4243
1826,RKDL,Ravi Kumar Distilleries Limited,4236
1827,AMBICAAGAR,Ambica Agarbathies & Aroma industries Limited,4217
1828,SONAHISONA,Sona Hi Sona Jewellers (Gujarat) Limited,4213
1829,DNAMEDIA,Diligent Media Corporation Limited,4120
1830,MEGAFLEX,Mega Flex Plastics Limited,4094
1831,PEARLPOLY,Pearl Polymers Limited,4032
1832,MADHAV,Madhav Marbles and Granites Limited,4008
1833,SWARAJ,Swaraj Suiting Limited,3974
1834,GOENKA,Goenka Diamond and Jewels Limited,3963
1835,ICDSLTD,ICDS Limited,3960
1836,LAXMICOT,Laxmi Cotspin Limited,3944
1837,SANGINITA,Sanginita Chemicals Limited,3937
1838,DHARSUGAR,Dharani Sugars & Chemicals Limited,3884
1839,MARSHALL,Marshall Machines Limited,3878
1840,SHAIVAL,Shaival Reality Limited,3825
1841,HBSL,HB Stockholdings Limited,3797
1842,TGBHOTELS,TGB Banquets And Hotels Limited,3793
1843,JETKNIT,Jet Knitwears Limited,3781
1844,COUNCODOS,Country Condo's Limited,3763
1845,SHUBHLAXMI,Shubhlaxmi Jewel Art Limited,3755
1846,JFLLIFE,Jfl Life Sciences Limited,3739
1847,FELIX,Felix Industries Limited,3695
1848,HEADSUP,Heads UP Ventures Limited,3688
1849,CROWN,Crown Lifters Limited,3644
1850,MINDPOOL,Mindpool Technologies Limited,3623
1851,ADL,Archidply Decor Limited,3615
1852,MILTON,Milton Industries Limited,3569
1853,VIVIDHA,Visagar Polytex Limited,3512
1854,KRIDHANINF,Kridhan Infra Limited,3507
1855,ROLLT,Rollatainers Limited,3502
1856,MERCATOR,Mercator Limited,3478
1857,KEEPLEARN,DSJ Keep Learning Limited,3460
1858,HAVISHA,Sri Havisha Hospitality and Infrastructure Limited,3455
1859,OMKARCHEM,Omkar Speciality Chemicals Limited,3437
1860,LFIC,Lakshmi Finance & Industrial Corporation Limited,3354
1861,UWCSL,Ultra Wiring Connectivity System Limited,3325
1862,NARMADA,Narmada Agrobase Limited,3286
1863,AMEYA,Ameya Precision Engineers Limited,3221
1864,RITEZONE,Rite Zone Chemcon India Limited,3185
1865,LCCINFOTEC,LCC Infotech Limited,3165
1866,CALSOFT,California Software Company Limited,3161
1867,SUPREMEENG,Supreme Engineering Limited,3124
1868,KARMAENG,Karma Energy Limited,3107
1869,SILLYMONKS,Silly Monks Entertainment Limited,3089
1870,FMNL,Future Market Networks Limited,3050
1871,SONUINFRA,Sonu Infratech Limited,3050
1872,EASTSILK,Eastern Silk Industries Limited,3040
1873,SOMATEX,Soma Textiles & Industries Limited,3039
1874,3PLAND,3P Land Holdings Limited,3024
1875,QUADPRO,Quadpro Ites Limited,2982
1876,REXPIPES,Rex Pipes And Cables Industries Limited,2971
1877,CYBERMEDIA,Cyber Media (India) Limited,2930
1878,CADSYS,Cadsys (India) Limited,2903
1879,VCL,Vaxtex Cotfab Limited,2886
1880,EDUCOMP,Educomp Solutions Limited,2878
1881,MOXSH,Moxsh Overseas Educon Limited,2865
1882,WALPAR,Walpar Nutritions Limited,2859
1883,OMFURN,Omfurn India Limited,2827
1884,SUBCAPCITY,International Constructions Limited,2798
1885,CMICABLES,CMI Limited,2781
1886,SILGO,Silgo Retail Limited,2773
1887,INFOMEDIA,Infomedia Press Limited,2710
1888,VIJIFIN,Viji Finance Limited,2681
1889,WILLAMAGOR,Williamson Magor & Company Limited,2509
1890,THOMASCOTT,Thomas Scott (India) Limited,2504
1891,JAKHARIA,JAKHARIA FABRIC LIMITED,2499
1892,VIVO,Vivo Collaboration Solutions Limited,2495
1893,ASLIND,ASL Industries Limited,2474
1894,MPTODAY,Madhya Pradesh Today Media Limited,2437
1895,DYNAMIC,Dynamic Services & Security Limited,2433
1896,ORIENTALTL,Oriental Trimex Limited,2426
1897,NKIND,NK Industries Limited,2413
1898,TFL,Transwarranty Finance Limited,2409
1899,RICHA,Richa Info Systems Limited,2401
1900,NAGREEKCAP,Nagreeka Capital & Infrastructure Limited,2397
1901,AMJUMBO,A and M Jumbo Bags Limited,2394
1902,21STCENMGM,21st Century Management Services Limited,2368
1903,SHANTI,Shanti Overseas (India) Limited,2360
1904,MASKINVEST,Mask Investments Limited,2357
1905,MOHITIND,Mohit Industries Limited,2357
1906,KHAITANLTD,Khaitan (India) Limited,2332
1907,SABAR,Sabar Flex India Limited,2328
1908,UNIINFO,Uniinfo Telecom Services Limited,2278
1909,MAKS,Maks Energy Solutions India Limited,2219
1910,TAPIFRUIT,Tapi Fruit Processing Limited,2213
1911,TANTIACONS,Tantia Constructions Limited,2212
1912,GAYAHWS,Gayatri Highways Limited,2157
1913,SETUINFRA,Setubandhan Infrastructure Limited,2137
1914,VEEKAYEM,Veekayem Fashion and Apparels Limited,2057
1915,ISHAN,Ishan International Limited,2018
1916,TIJARIA,Tijaria Polypipes Limited,2004
1917,ORTINLAB,Ortin Laboratories Limited,1931
1918,GUJRAFFIA,Gujarat Raffia Industries Limited,1870
1919,ONELIFECAP,Onelife Capital Advisors Limited,1837
1920,KAUSHALYA,Kaushalya Infrastructure Development Corporation Limited,1749
1921,VERA,Vera Synthetic Limited,1712
1922,METALFORGE,Metalyst Forgings Limited,1698
1923,SURANI,Surani Steel Tubes Limited,1698
1924,LYPSAGEMS,Lypsa Gems & Jewellery Limited,1695
1925,MITTAL,Mittal Life Style Limited,1695
1926,TNTELE,Tamilnadu Telecommunication Limited,1676
1927,AMIABLE,Amiable Logistics (India) Limited,1661
1928,ABINFRA,A B Infrabuild Limited,1647
1929,SMVD,SMVD Poly Pack Limited,1620
1930,CONTI,Continental Seeds and Chemicals Limited,1600
1931,NATNLSTEEL,National Steel And Agro Industries Limited,1580
1932,TECHIN,Techindia Nirman Limited,1562
1933,RMCL,Radha Madhav Corporation Limited,1554
1934,SPRL,Sp Refractories Limited,1521
1935,JALAN,Jalan Transolutions (India) Limited,1519
1936,DESTINY,Destiny Logistics & Infra Limited,1508
1937,S&SPOWER,S&S Power Switchgears Limited,1395
1938,KAVVERITEL,Kavveri Telecom Products Limited,1389
1939,KANDARP,Kandarp Digi Smart BPO Limited,1346
1940,PERFECT,Perfect Infraengineers Limited,1339
1941,ARENTERP,Rajdarshan Industries Limited,1279
1942,UMESLTD,Usha Martin Education & Solutions Limited,1242
1943,ANTGRAPHIC,Antarctica Limited,1240
1944,KALYANI,Kalyani Commercials Limited,1193
1945,SSINFRA,S.S. Infrastructure Development Consultants Limited,1169
1946,SHYAMTEL,Shyam Telecom Limited,1144
1947,CMMIPL,CMM Infraprojects Limited,1128
1948,ACCORD,Accord Synergy Limited,1108
1949,TVVISION,TV Vision Limited,1102
1950,RMDRIP,R M Drip and Sprinklers Systems Limited,1044
1951,BRIGHT,Bright Solar Limited,1040
1952,DCMFINSERV,DCM Financial Services Limited,1033
1953,PREMIER,Premier Limited,1033
1954,EUROTEXIND,Eurotex Industries and Exports Limited,976
1955,RADAAN,Radaan Mediaworks India Limited,975
1956,KCK,Kck Industries Limited,963
1957,NORBTEAEXP,Norben Tea & Exports Limited,952
1958,SATHAISPAT,Sathavahana Ispat Limited,942
1959,AILIMITED,Abhishek Integrations Limited,914
1960,CREATIVEYE,Creative Eye Limited,903
1961,TARAPUR,Tarapur Transformers Limited,868
1962,ALPSINDUS,Alps Industries Limited,861
1963,ABNINT,A B N Intercorp Limited,839
1964,GLFL,Gujarat Lease Financing Limited,827
1965,VASA,Vasa Retail and Overseas Ltd,806
1966,BKMINDST,Bkm Industries Limited,786
1967,AHIMSA,Ahimsa Industries Limited,783
1968,GRETEX,Gretex Industries Limited,695
1969,SRIRAM,Shri Ram Switchgears Limited,681
1970,TRANSWIND,Transwind Infrastructures Limited,672
1971,NIRAJISPAT,Niraj Ispat Industries Limited,672
1972,SKSTEXTILE,SKS Textiles Limited,650
1973,LAKPRE,Lakshmi Precision Screws Limited,635
1974,SABEVENTS,Sab Events & Governance Now Media Limited,582
1975,INDLMETER,IMP Powers Limited,561
1976,DRL,Dhanuka Realty Limited,522
1977,MANAV,Manav Infra Projects Limited,479
1978,BHALCHANDR,Bhalchandram Clothing Limited,476
1979,INNOVATIVE,Innovative Tyres and Tubes Limited,450
1980,MELSTAR,Melstar Information Technologies Limited,414
